burst_time,arrival_time,priority,deadline,period,clock_driven_wt,edf_wt,weighted_rr_wt,priority_driven_wt,lstf_wt,rate_monotonic_wt,best_algorithm
9,1,2,12,23,3.462274509803921,3.2433333333333327,7.6074936061381075,3.8881568627450975,2.1081666666666665,1.5580235294117646,Rate-Monotonic
4,4,2,8,13,3.7467242683242685,2.6046222222222224,5.360470085470086,3.9140874384874387,2.033344444444445,1.6860259207459205,Rate-Monotonic
6,4,4,9,12,5.029894736842106,3.3938888888888887,7.169157894736841,4.5009999999999994,2.5161499999999997,2.2634526315789474,Rate-Monotonic
10,4,4,16,20,3.8948571428571426,3.2386666666666666,8.47,3.4079999999999995,2.1051333333333333,1.752685714285714,Rate-Monotonic
1,0,3,8,18,1.2007272727272729,1.2203333333333333,2.0127272727272727,1.1849090909090907,0.7932166666666667,0.5403272727272728,Rate-Monotonic
11,3,1,16,21,3.6025396825396827,2.7834615384615384,8.007857142857143,3.152222222222222,1.80925,1.621142857142857,Rate-Monotonic
4,2,3,7,15,4.597463869463869,3.413666666666667,6.87295763060469,4.022780885780886,3.0742833333333337,2.068858741258741,Rate-Monotonic
10,2,2,12,19,7.615973581011351,5.175066666666666,15.071768833849328,6.872744960440317,5.043306666666666,3.427188111455108,Rate-Monotonic
10,3,4,17,24,6.070666666666668,4.808,9.533896103896105,5.3118333333333325,3.4061624999999998,2.7318,Rate-Monotonic
5,5,1,10,16,6.403567251461989,4.6515555555555546,11.570525210084034,5.526636050911592,3.678711111111111,2.8816052631578946,Rate-Monotonic
7,1,1,9,14,4.134666666666668,2.419666666666666,5.4375,3.5711666666666666,1.5727833333333332,1.8605999999999998,LSTF
8,3,1,13,18,1.9214144927536234,1.4909999999999999,3.9781884057971015,3.6764202898550726,0.9691500000000001,0.8646365217391304,Rate-Monotonic
1,2,3,5,14,0.6577137626675384,0.5227205128205128,3.3589151620690525,3.373305034324943,0.40054333333333336,0.2959711932003922,Rate-Monotonic
11,1,3,12,16,7.8681600000000005,5.971466666666666,10.44595,6.88464,4.562133333333334,3.540672,Rate-Monotonic
5,0,2,11,19,5.5186394557823135,3.6666666666666665,8.270161117078413,5.2904285714285715,3.0376666666666665,2.4833877551020405,Rate-Monotonic
8,5,3,12,19,9.26300053163211,7.4639999999999995,14.309924242424243,9.045906964380649,5.550999999999999,4.168350239234449,Rate-Monotonic
3,1,1,7,11,10.844362671384346,6.09542857142857,10.615471540843059,8.573480812891958,5.637542857142856,4.879963202122953,Rate-Monotonic
4,5,1,10,19,10.832955329500223,7.203431623931623,15.459804211158149,8.410021819254018,5.484586111111111,4.8748298982751,Rate-Monotonic
11,3,2,15,25,4.9301894736842105,3.894916666666666,6.977197368421053,5.977926315789473,4.008170833333334,2.2185852631578946,Rate-Monotonic
4,3,4,7,10,8.105418909592823,6.552717948717948,15.73284679089027,8.264173913043479,4.301733333333334,3.64743850931677,Rate-Monotonic
3,2,4,5,9,3.8867809523809527,3.071967676767677,7.295285714285714,3.400933333333333,2.041856161616162,1.7490514285714283,Rate-Monotonic
10,3,4,16,23,8.17249965493444,6.356406234288587,13.043337097684924,8.036927536231884,4.586664052287581,3.6776248447204964,Rate-Monotonic
9,1,2,10,12,6.906080298786182,5.495400673400673,12.783133753501401,10.686513071895424,4.400018518518518,3.107736134453781,Rate-Monotonic
7,0,4,9,12,5.53352380952381,4.503527777777778,10.19892857142857,4.841833333333334,3.3089875000000006,2.490085714285714,Rate-Monotonic
10,2,1,16,25,7.319100440176071,5.349714285714286,11.317160264105642,7.777792717086833,4.254961904761905,3.2935951980792315,Rate-Monotonic
5,0,2,8,15,4.761333333333334,3.8175,8.445625,3.911833333333333,2.75925,2.1426,Rate-Monotonic
1,4,3,6,16,6.846762148337596,4.954420512820512,11.255240409207161,9.003133248081841,4.551897777777778,3.0810429667519186,Rate-Monotonic
9,5,2,12,20,2.526476190476191,2.369333333333333,4.627857142857143,2.281333333333334,1.5400666666666665,1.1369142857142858,Rate-Monotonic
1,0,1,3,13,8.157387755102041,6.635714285714285,12.99986394557823,6.597079365079366,5.077057142857142,3.670824489795918,Rate-Monotonic
7,3,1,9,13,9.067804195804198,7.094555555555555,13.135518648018648,8.57832867132867,5.914855555555555,4.080511888111888,Rate-Monotonic
3,4,2,7,12,4.7438555526558455,3.456253968253968,7.460320528211286,8.321225754069744,3.577888888888889,2.1347349986951296,Rate-Monotonic
4,4,1,5,8,5.098433703305885,4.182349206349206,5.365389724310776,3.934796157059315,4.1817079365079355,2.2942951664876476,Rate-Monotonic
10,1,3,12,20,6.724217391304348,5.185818181818181,11.070209627329193,5.883690217391305,3.370781818181818,3.0258978260869567,Rate-Monotonic
1,3,3,5,14,2.2737254901960786,1.6706666666666665,1.710441176470588,4.125490196078431,2.0747999999999998,1.0231764705882354,Rate-Monotonic
4,4,4,9,14,3.317142857142857,2.053333333333333,3.6149999999999998,2.6778333333333335,1.3346666666666664,1.4927142857142854,LSTF
9,1,2,16,22,5.209212121212121,4.013333333333333,9.51681818181818,4.5580606060606055,2.6086666666666662,2.3441454545454543,Rate-Monotonic
2,1,1,9,17,7.197595271601465,5.6419999999999995,9.45434175344779,7.5519794539825496,4.6174074074074065,3.2389178722206586,Rate-Monotonic
11,5,2,13,18,7.037542857142857,4.563653781512604,10.514345238095236,7.6453388888888885,4.629539243697479,3.166894285714285,Rate-Monotonic
11,0,3,13,18,1.9013756613756614,1.6211282051282048,3.6984371184371185,1.6637037037037035,1.0537333333333334,0.8556190476190474,Rate-Monotonic
8,3,2,10,13,3.226601889338731,2.5079999999999996,6.087165991902833,2.285117408906882,2.027133333333333,1.4519708502024289,Rate-Monotonic
10,4,3,12,14,2.090666666666667,1.8021818181818177,3.8533333333333335,1.784888888888889,1.1714181818181817,0.9407999999999999,Rate-Monotonic
3,1,2,6,9,4.765098901098902,2.942333333333333,5.507348901098901,5.344833333333333,3.101583333333333,2.1442945054945053,Rate-Monotonic
4,2,4,6,10,4.037333333333334,3.077454545454545,6.875,4.519666666666666,2.0003454545454544,1.8167999999999997,Rate-Monotonic
5,1,1,10,18,7.229005153576582,6.50247619047619,9.47525664811379,6.817887445887445,5.475599999999999,3.2530523191094614,Rate-Monotonic
4,3,1,10,15,4.584190476190477,3.6223333333333336,6.060964285714285,4.011166666666666,2.9345333333333334,2.062885714285714,Rate-Monotonic
7,2,4,10,15,1.4218181818181819,1.6553833333333332,3.063181818181818,1.244090909090909,1.9453777777777777,0.6398181818181817,Rate-Monotonic
2,0,4,4,8,0.304,0.25038461538461537,0.97175,2.151566666666667,1.641508,0.13679999999999998,Rate-Monotonic
10,0,2,11,15,7.086149494949495,5.818488888888888,8.992545454545455,6.554962626262625,4.503373333333333,3.1887672727272722,Rate-Monotonic
5,4,3,7,12,6.151384615384616,4.560841025641025,9.197664335664337,4.689282051282051,3.1283466666666664,2.768123076923077,Rate-Monotonic
11,0,1,14,20,8.136186074794772,5.382222222222222,9.422333916083916,6.360682628965237,3.4984444444444445,3.6612837336576463,Rate-Monotonic
1,5,4,3,6,7.558818436465496,5.904666666666666,9.56305576776165,8.267812834224598,4.827766666666666,3.4014682964094725,Rate-Monotonic
4,4,1,7,11,5.251989610389611,4.612533333333333,7.8001761716544324,5.877745454545455,3.165586666666666,2.3633953246753245,Rate-Monotonic
3,3,3,7,17,5.613639215686274,3.4703666666666657,7.168566176470589,3.6732294117647064,3.9175500000000003,2.5261376470588233,Rate-Monotonic
10,1,1,14,19,4.2515670995671,3.82,7.072877648667121,4.20250505050505,2.483,1.9132051948051947,Rate-Monotonic
3,0,2,10,21,4.8594185099111415,3.1904727272727262,7.055755980861244,3.627591578947368,5.951602222222222,2.186738329460013,Rate-Monotonic
1,3,1,2,4,1.0133333333333334,1.0826666666666667,2.7075,0.8866666666666667,0.7037333333333334,0.45599999999999996,Rate-Monotonic
8,2,1,13,23,3.6395109354413706,2.732727117327117,6.603054677206852,3.7340849802371543,4.2334762626262625,1.6377799209486164,Rate-Monotonic
8,0,4,11,18,7.0851806076276675,6.609399999999999,8.474123723335488,6.199533031674209,4.212390000000001,3.18833127343245,Rate-Monotonic
1,5,1,3,7,4.212040404040404,3.163123232323232,6.705229437229437,5.284387878787879,3.5720901010101,1.8954181818181817,Rate-Monotonic
9,1,3,16,21,4.38754045954046,2.7284444444444444,6.5856386946386944,4.847780108780109,1.773488888888889,1.9743932067932066,LSTF
5,3,2,9,16,4.591794871794872,3.6867037037037034,8.373231275303644,4.023979757085019,4.778005555555556,2.066307692307692,Rate-Monotonic
11,5,4,13,15,11.564860952380954,8.197576068376065,18.669838095238095,9.559884444444444,5.709606666666666,5.204187428571428,Rate-Monotonic
5,2,4,7,12,4.616392156862744,2.1546,7.117867647058823,6.441166666666666,4.118399999999999,2.077376470588235,Rate-Monotonic
7,1,4,10,15,3.140740740740741,2.7294814814814807,5.368253968253968,2.748148148148148,1.7741629629629625,1.4133333333333333,Rate-Monotonic
2,0,3,5,15,4.81854107537752,3.5278666666666667,7.612398117141594,8.598408963585433,4.0020396825396825,2.1683434839198834,Rate-Monotonic
10,3,3,12,16,3.482857142857143,2.8917777777777776,2.6142126623376623,3.0475000000000003,1.8796555555555554,1.5672857142857142,Rate-Monotonic
4,3,2,9,17,6.448367565207903,4.526999999999999,12.21238704572738,8.960102368220015,3.15835,2.901765404343556,Rate-Monotonic
11,0,4,13,21,10.022897803950436,6.565521367521367,12.798431393168235,7.476345479082322,5.439226262626263,4.510304011777695,Rate-Monotonic
4,1,4,6,10,6.2368848484848485,4.491242424242423,11.863522727272729,5.921878030303031,3.033746969696969,2.8065981818181815,Rate-Monotonic
2,2,2,5,7,3.996717948717949,2.7824999999999993,6.172536963036962,3.256889976689976,2.255030555555555,1.7985230769230764,Rate-Monotonic
1,2,3,5,11,0.0,0.0,0.262939393939394,0.0,0.0,0.0,Clock-Driven
10,2,1,11,14,3.6151398496240605,2.967931944444444,6.575300751879699,3.163247368421053,2.115187569444444,1.6268129323308271,Rate-Monotonic
7,0,2,11,22,4.337769963369963,3.5,6.966716283716283,5.159984615384615,2.275,1.9519964835164836,Rate-Monotonic
11,1,4,14,16,3.474,3.124153846153846,5.6850000000000005,3.0397499999999997,2.0307,1.5633,Rate-Monotonic
1,0,3,3,5,1.5916521739130436,1.2693333333333332,4.66304347826087,1.3926956521739131,0.8250666666666665,0.7162434782608695,Rate-Monotonic
10,2,1,14,25,4.471404151404152,3.343555555555555,7.294219114219114,6.900411965811966,3.8568111111111114,2.0121318681318683,Rate-Monotonic
5,3,4,8,12,3.683272727272728,3.095999999999999,7.169886363636364,3.4647454545454544,2.1664499999999993,1.6574727272727272,Rate-Monotonic
7,3,3,9,12,6.705347985347986,3.9153333333333333,5.624615384615385,4.081371794871795,3.5429333333333335,3.0174065934065935,Rate-Monotonic
3,3,4,7,13,7.565323057894487,5.567473193473193,12.686472938825881,7.421708957708956,3.745957575757575,3.404395376052519,Rate-Monotonic
8,2,1,9,12,2.5496325541125544,2.1950981818181816,4.868857142857143,5.4450666666666665,2.097301818181818,1.147334649350649,Rate-Monotonic
3,5,1,10,16,1.9322424242424245,1.5026666666666666,2.0544318181818184,0.7763636363636364,1.7835999999999999,0.8695090909090909,Rate-Monotonic
11,4,3,12,16,5.552374269005848,4.428878787878787,9.688717105263159,7.029391812865498,3.8600545454545454,2.4985684210526315,Rate-Monotonic
11,3,2,14,19,7.6008945759844755,6.466666666666666,10.273033515465682,8.478026079691983,5.199133333333333,3.4204025591930134,Rate-Monotonic
4,0,1,7,9,1.8256544891640871,0.8154222222222222,1.234077399380805,1.5974476780185756,0.8960466666666665,0.8215445201238389,Rate-Monotonic
1,0,3,6,11,4.567496503496504,2.6596999999999995,7.598135198135199,4.283205905205905,2.9559833333333336,2.0553734265734267,Rate-Monotonic
8,3,2,9,14,9.627456535183244,7.819358974358972,18.723580301685896,10.611473743647656,7.464233333333333,4.332355440832459,Rate-Monotonic
5,5,2,12,18,11.419912002227791,8.89983838383838,17.380877192982457,10.095662768031188,6.772172727272728,5.138960401002506,Rate-Monotonic
4,1,1,6,13,1.3953709401709402,1.0499999999999998,2.1404487179487175,1.1489572649572648,0.712075,0.627916923076923,Rate-Monotonic
7,3,1,13,19,3.50181052631579,2.6208,5.759827751196172,2.79261014354067,1.6088799999999999,1.575814736842105,Rate-Monotonic
4,2,3,7,12,0.6115555555555555,0.5336969696969697,2.2933333333333334,0.5351111111111111,0.34690303030303027,0.27519999999999994,Rate-Monotonic
10,0,3,12,16,12.402859903381644,8.616820512820512,19.16138888888889,11.462122383252819,7.197775925925925,5.58128695652174,Rate-Monotonic
6,0,2,9,12,5.942494614157772,4.162539393939393,10.049983805668017,5.190409912894124,2.855396161616161,2.6741225763709977,Rate-Monotonic
10,4,3,15,19,1.6997647058823528,1.668,3.5452012383900926,1.4872941176470587,1.0841999999999998,0.7648941176470587,Rate-Monotonic
10,2,1,12,15,4.960820512820513,3.7249999999999996,5.200076923076923,4.775256410256411,4.11645,2.2323692307692307,Rate-Monotonic
7,3,2,9,12,2.7793964912280704,2.3306666666666667,5.07271052631579,2.4319719298245612,1.8222533333333335,1.2507284210526315,Rate-Monotonic
11,3,3,13,16,8.480917378917379,5.369,8.282318376068377,6.613967948717948,4.703399999999999,3.81641282051282,Rate-Monotonic
9,4,3,15,26,8.474880852480853,5.546234130575306,14.97209290709291,11.969125541125539,4.021962184873949,3.8136963836163837,Rate-Monotonic
1,0,2,3,6,3.676972698412699,2.3146884848484848,3.4276452380952387,4.515866666666666,2.0383476060606065,1.6546377142857143,Rate-Monotonic
5,4,3,11,16,1.5669333333333337,0.7995666666666666,2.459301948051948,0.8574863636363635,0.7825350000000001,0.70512,Rate-Monotonic
8,2,1,10,12,6.73232240775098,5.698058823529412,11.468847866419296,7.491139971139971,4.546788235294117,3.0295450834879403,Rate-Monotonic
3,1,1,6,12,5.030545454545455,4.203733333333333,7.184527972027972,4.018381818181817,4.190853333333333,2.2637454545454543,Rate-Monotonic
8,5,3,11,15,6.679884057971014,5.571222222222222,12.366180124223602,6.3141739130434775,3.621294444444444,3.005947826086956,Rate-Monotonic
9,2,1,11,13,4.172456876456876,3.5093333333333327,8.731678321678322,4.450825174825174,2.6025999999999994,1.877605594405594,Rate-Monotonic
5,5,3,12,17,5.5796331750091355,4.279999999999999,10.61657142857143,7.098962659846547,2.9998799999999997,2.5108349287541105,Rate-Monotonic
1,0,4,6,14,5.798817391304349,4.463164102564102,9.750043478260869,4.607278260869565,2.972036666666667,2.6094678260869566,Rate-Monotonic
5,4,1,9,15,1.8702222222222222,1.3719999999999999,3.858333333333333,1.6364444444444441,0.8917999999999999,0.8416,Rate-Monotonic
3,3,3,5,9,4.965142944317316,3.4986666666666664,9.631748283752861,7.339635087719299,2.325613333333333,2.2343143249427917,Rate-Monotonic
7,2,2,10,15,8.187877832512317,6.133,15.662949917898194,9.614504214559387,4.35955,3.6845450246305425,Rate-Monotonic
2,1,1,7,11,5.949113450292399,4.6481555555555545,11.803411084529506,5.910037480063796,4.153644444444445,2.677101052631579,Rate-Monotonic
7,1,3,13,23,7.883226814863245,5.2852,15.063769740556927,7.6362599542334095,3.978086666666667,3.54745206668846,Rate-Monotonic
7,5,1,13,17,4.5440000000000005,3.1989999999999994,7.0903921568627455,4.405333333333333,2.0793499999999994,2.0448,Rate-Monotonic
8,4,3,13,18,3.3137777777777777,2.705629629629629,6.804327485380116,2.8995555555555548,2.0343555555555555,1.4911999999999999,Rate-Monotonic
11,4,4,13,17,3.0555294117647067,1.7764444444444443,4.145823529411765,1.870647058823529,2.266506666666667,1.3749882352941176,Rate-Monotonic
10,0,3,15,26,4.247111111111111,3.434545454545454,7.316025641025642,4.711777777777777,2.7063636363636365,1.9111999999999998,Rate-Monotonic
4,0,3,7,18,5.02689822595705,2.2317272727272726,6.222093837535014,4.22078431372549,1.7683643939393938,2.2621042016806725,LSTF
2,4,4,9,20,4.994461538461539,3.272266666666667,6.794240802675586,5.107774358974359,3.1219066666666664,2.2475076923076918,Rate-Monotonic
3,0,3,4,7,3.6533333333333333,3.4212888888888884,7.814,4.0077333333333325,2.9124044444444444,1.6439999999999997,Rate-Monotonic
6,1,2,7,12,13.1923509951349,8.464666666666668,19.487538257408225,10.345736429308564,6.319877777777777,5.936557947810703,Rate-Monotonic
11,4,1,13,17,4.504211902304782,2.181229914529914,4.409537237702098,3.941185414516684,2.0604111111111107,2.026895356037152,Rate-Monotonic
11,1,2,14,19,8.49431187492541,5.712320435120434,11.21012987012987,8.074545112781953,5.146933333333332,3.822440343716434,Rate-Monotonic
4,2,2,5,10,1.7615238095238095,1.9013333333333333,3.5828571428571423,1.8026666666666664,1.2358666666666667,0.7926857142857142,Rate-Monotonic
7,0,1,10,15,3.515855238095239,1.18556,5.8048,3.6239999999999997,2.4537500000000003,1.582134857142857,EDF
7,3,4,8,10,11.589228758169938,6.820074074074074,15.588193277310927,10.480509803921569,6.0595888888888885,5.215152941176471,Rate-Monotonic
10,3,2,13,21,2.71160410830999,2.4779999999999998,4.756218487394958,2.268078431372549,1.6106999999999998,1.2202218487394958,Rate-Monotonic
2,4,1,6,16,1.04,0.8283333333333333,1.5525,0.91,0.5384166666666667,0.46799999999999997,Rate-Monotonic
5,3,4,6,8,6.166868060044531,5.093523809523809,8.66917797888386,6.86823723335488,3.934790476190476,2.7750906270200386,Rate-Monotonic
1,5,3,8,18,4.143407407407408,3.702222222222222,1.8256666666666668,3.6254814814814815,2.4064444444444444,1.8645333333333332,Rate-Monotonic
5,0,3,6,9,4.467129670329671,3.5367999999999995,8.86671794871795,4.200964102564103,3.3253999999999997,2.0102083516483518,Rate-Monotonic
1,0,2,2,4,0.7040000000000001,0.504,0.88,0.616,0.3276,0.3168,Rate-Monotonic
1,1,3,3,8,2.37936076555024,1.3256888888888887,4.3619282296650725,1.5410181818181818,1.3821022222222221,1.0707123444976077,Rate-Monotonic
5,4,3,9,16,8.686783367892613,6.604444444444445,13.7109970533668,11.38903004838299,7.132584126984127,3.909052515551675,Rate-Monotonic
1,1,1,3,13,1.5970909090909096,2.1,2.838008658008658,1.3974545454545455,1.365,0.7186909090909092,Rate-Monotonic
4,0,2,6,15,6.760214718614719,3.6310711111111105,6.9613844155844165,5.068201212121212,3.163867777777778,3.0420966233766236,Rate-Monotonic
7,1,1,9,14,5.314875362318841,4.077446153846153,7.370260869565217,4.644023188405797,2.6503399999999995,2.3916939130434782,Rate-Monotonic
4,1,4,11,15,8.440573424511507,6.023880341880342,15.391980446024565,9.67306850837501,5.8967484848484855,3.7982580410301767,Rate-Monotonic
4,5,4,8,16,4.1322788710907705,3.0652363636363633,9.73568115942029,4.584704907195525,2.0785503030303025,1.8595254919908464,Rate-Monotonic
4,3,4,8,19,3.342756892230577,2.44,5.039812030075188,3.6895614035087716,1.5859999999999999,1.5042406015037595,Rate-Monotonic
3,3,4,7,14,6.2981189786059355,4.752222222222223,13.684932712215323,8.836,4.967083333333333,2.8341535403726703,Rate-Monotonic
5,5,1,7,11,4.8477826173826175,5.6841333333333335,6.548343656343656,6.799295104895104,6.512566666666666,2.1815021778221775,Rate-Monotonic
1,3,2,6,17,3.5533803921568627,3.0134787878787876,5.226705882352941,3.8508235294117648,1.9587612121212121,1.5990211764705882,Rate-Monotonic
2,2,4,8,16,9.581986394557822,7.286476190476191,17.026989795918368,10.838238095238095,5.3974761904761905,4.311893877551021,Rate-Monotonic
7,3,1,12,23,6.410967257112186,4.671592592592592,11.3064806763285,5.9999431025228125,3.137309259259259,2.8849352657004825,Rate-Monotonic
5,0,4,8,10,4.443212121212121,2.05415,4.989011363636363,4.1903749999999995,2.5354874999999995,1.9994454545454543,Rate-Monotonic
3,1,1,6,16,2.652888888888889,1.235111111111111,3.48375,1.2012777777777777,1.2578222222222222,1.1938,Rate-Monotonic
3,5,2,10,17,2.409839037433155,1.549333333333333,3.839704211229946,2.1086091577540103,1.9261666666666666,1.0844275668449197,Rate-Monotonic
1,5,4,7,16,10.745080604981535,4.022666666666666,10.467462193379376,6.984157513693736,6.941298412698411,4.83528627224169,EDF
7,1,1,12,17,7.967214619181005,6.104363636363636,12.050006002400961,10.39854715219421,4.398974891774892,3.5852465786314522,Rate-Monotonic
4,0,4,5,8,1.6568888888888889,1.577333333333333,3.0532777777777773,1.4497777777777774,1.9322333333333332,0.7455999999999999,Rate-Monotonic
9,2,4,12,16,4.437590643274854,1.7936666666666663,3.2994123803827753,2.453204239766082,1.9744833333333334,1.9969157894736842,Rate-Monotonic
3,3,2,5,14,3.749825396825397,2.492,4.215056390977444,1.9325416666666668,1.9534666666666667,1.6874214285714286,Rate-Monotonic
7,2,2,14,21,3.362947368421053,2.534,7.6266801619433195,3.5964649122807018,1.6471,1.5133263157894736,Rate-Monotonic
5,2,4,9,18,1.6261818181818182,2.0673333333333335,4.513434343434343,1.4229090909090907,1.8109,0.7317818181818181,Rate-Monotonic
10,1,2,11,13,8.283345454545454,6.686555555555555,14.59104895104895,8.688993939393939,4.458292222222221,3.7275054545454536,Rate-Monotonic
3,4,4,6,14,4.319619047619048,4.425,6.160714285714286,4.8966666666666665,3.5867,1.9438285714285715,Rate-Monotonic
8,3,3,13,17,8.286933333333334,7.6794666666666656,13.728176470588235,7.288949019607841,5.493973333333334,3.7291199999999995,Rate-Monotonic
1,4,3,6,17,2.112,1.9734814814814816,4.247777777777777,6.020854030501089,3.4762,0.9504,Rate-Monotonic
4,1,2,5,10,8.089585392051559,5.342,11.30053279549806,6.773958646616541,4.136971428571428,3.6403134264232007,Rate-Monotonic
9,0,1,11,19,6.073607915893631,5.08576923076923,10.628100771409041,7.7211428571428575,4.406266666666666,2.7331235621521337,Rate-Monotonic
5,4,1,7,12,3.136366013071895,3.2056111111111107,6.7968464052287585,2.7443202614379083,2.0836472222222224,1.4113647058823526,Rate-Monotonic
3,3,3,6,8,5.732444444444445,3.9704,5.352633333333333,3.9676,3.2844933333333337,2.5796,Rate-Monotonic
2,3,1,4,9,1.313777777777778,1.2319999999999998,2.1525,1.1495555555555557,0.8008,0.5912,Rate-Monotonic
8,5,2,15,23,8.7544016563147,4.1899999999999995,10.069028640441685,5.87130112721417,4.320766666666667,3.939480745341615,Rate-Monotonic
5,3,2,11,20,2.9428266666666674,2.3328511111111103,5.885,3.4029333333333343,2.2850099999999998,1.3242720000000001,Rate-Monotonic
7,2,4,9,15,9.699602339181288,7.098518518518518,13.472109649122809,9.31159649122807,6.500770370370369,4.364821052631578,Rate-Monotonic
8,3,2,11,16,5.224156862745098,4.341749999999999,6.460367647058824,6.952921568627451,4.1439125,2.350870588235294,Rate-Monotonic
5,0,1,7,11,3.3351368067226894,2.378133333333333,5.248909663865546,2.9413647058823527,1.664693333333333,1.50081156302521,Rate-Monotonic
3,5,2,7,13,3.078871794871795,3.0204999999999997,5.801778846153846,2.500929487179487,3.5501375,1.3854923076923074,Rate-Monotonic
11,3,3,12,14,8.919822222222223,5.087458585858586,9.956564102564101,5.991876923076923,5.006029494949495,4.013919999999999,Rate-Monotonic
9,2,4,14,21,10.985813771662512,8.118190476190476,15.471609451472897,9.50344419306184,6.191590476190476,4.94361619724813,Rate-Monotonic
10,0,4,16,25,2.0860444444444446,1.6090666666666664,4.651923076923077,1.8252888888888885,3.160733333333333,0.9387199999999999,Rate-Monotonic
4,0,4,7,12,3.1041600000000003,1.5476799999999997,3.3092000000000006,3.61774,2.264640857142857,1.396872,Rate-Monotonic
9,2,2,13,19,1.9480701754385967,1.4169696969696968,3.6543859649122807,1.704561403508772,0.921030303030303,0.8766315789473684,Rate-Monotonic
7,2,1,10,15,5.938450956450957,4.545333333333333,10.198050213675215,5.505181623931624,2.9544666666666664,2.6723029304029304,Rate-Monotonic
1,1,3,4,7,0.0,0.0,0.4078260869565217,0.0,0.0,0.0,Clock-Driven
10,3,2,16,21,11.817216423328224,9.173593406593406,18.254074776155523,13.842395633352156,5.9628357142857125,5.317747390497701,Rate-Monotonic
10,1,1,15,19,5.108761904761905,4.056111111111111,6.38953947368421,5.9087499999999995,3.5869166666666663,2.298942857142857,Rate-Monotonic
1,0,2,3,5,1.9833600000000005,1.6666399999999997,4.250666666666667,2.16104,1.0848002285714284,0.892512,Rate-Monotonic
3,2,4,5,11,7.074859810590904,4.3124114630467565,12.881144486699108,11.210100761983114,6.045602054154996,3.1836869147659064,Rate-Monotonic
5,5,2,7,10,4.885379566563468,3.8290222222222217,10.655340557275542,6.897914138286893,3.403414444444444,2.1984208049535603,Rate-Monotonic
10,1,4,17,28,11.743053217459233,8.011311355311355,17.783233082706765,12.479418090681248,6.441704761904761,5.284373947856655,Rate-Monotonic
9,3,1,16,26,4.4073736263736265,3.441153846153846,8.958551547137073,5.012480769230769,2.4343500000000002,1.9833181318681317,Rate-Monotonic
3,4,3,10,18,3.652444444444445,3.2666666666666666,3.8807142857142862,3.5178888888888884,2.2947166666666665,1.6435999999999997,Rate-Monotonic
5,1,3,7,11,2.2954778554778557,1.9218888888888888,5.214557942057942,2.0085431235431233,1.2492277777777776,1.0329650349650348,Rate-Monotonic
3,4,3,5,9,8.94768253968254,7.235999999999999,10.866190476190477,8.669555555555556,5.909149999999999,4.026457142857143,Rate-Monotonic
6,0,1,7,10,4.163607843137255,3.4134545454545453,6.4744117647058825,3.6431568627450974,2.348627272727273,1.8736235294117645,Rate-Monotonic
5,5,3,8,19,5.720100250626566,3.9643939393939394,11.506779448621552,6.000350877192981,2.5768560606060604,2.574045112781955,Rate-Monotonic
9,4,1,13,23,2.4769192546583856,1.9039999999999997,6.549979296066252,2.7904347826086955,1.2375999999999998,1.1146136645962732,Rate-Monotonic
2,0,1,6,17,1.695852307692308,0.8881599999999998,3.1516054298642535,1.8683542684766212,1.409431111111111,0.7631335384615385,Rate-Monotonic
9,5,4,16,23,7.399302939623307,5.840545454545454,12.997345663489828,6.190960922372822,3.7963545454545455,3.3296863228304874,Rate-Monotonic
9,3,4,12,17,6.9492573787409695,5.523240404040403,13.579065015479875,7.166613003095975,4.722844848484849,3.1271658204334356,Rate-Monotonic
6,4,4,13,21,1.7790095238095243,1.4969393939393938,4.293494047619047,3.674444444444444,1.1947129437229438,0.8005542857142858,Rate-Monotonic
6,1,1,11,21,2.5173333333333336,2.081333333333333,4.847619047619047,1.910222222222222,1.3528666666666664,1.1328,Rate-Monotonic
2,3,4,8,13,6.855968684909861,5.109999999999999,10.023928032751561,6.5398164906988425,4.667216666666667,3.085185908209437,Rate-Monotonic
5,0,4,7,15,6.550872213500786,5.299698412698413,11.262825745682889,5.266013186813185,5.388076984126984,2.947892496075353,Rate-Monotonic
2,0,1,7,12,2.1464,1.5932,3.193,1.8780999999999999,1.03558,0.96588,Rate-Monotonic
2,0,1,8,19,0.24283249299719886,0.2865333333333333,0.3933697478991596,0.212478431372549,0.20106666666666664,0.10927462184873948,Rate-Monotonic
1,5,3,4,10,6.030093514328809,5.924969696969697,10.211215794009911,5.276331825037707,5.097930303030303,2.7135420814479634,Rate-Monotonic
1,3,1,5,14,5.717877551020408,4.351111111111111,6.3937987012987,4.770214285714286,4.358755555555556,2.5730448979591833,Rate-Monotonic
6,2,3,11,16,4.32301575507396,2.7587333333333333,7.185899122807018,4.493937485115503,2.544297407407407,1.945357089783282,Rate-Monotonic
4,0,2,9,19,3.2776608187134504,1.334666666666667,2.5533333333333332,1.4886666666666664,1.5958703703703703,1.4749473684210528,Rate-Monotonic
9,5,2,11,16,8.000575438596492,6.306933333333333,14.585986842105262,7.2531298245614035,4.371813333333334,3.6002589473684212,Rate-Monotonic
4,0,2,9,18,6.857353846153846,4.827692307692307,9.208483516483517,5.485323076923076,3.442933333333334,3.085809230769231,Rate-Monotonic
6,2,4,8,15,5.437013333333335,4.42356923076923,9.693073684210527,4.63100350877193,2.87532,2.446656,Rate-Monotonic
7,4,2,8,11,7.346481658692185,5.870666666666666,11.93643198906357,6.43912360446571,3.8159333333333327,3.305916746411483,Rate-Monotonic
11,2,2,12,15,6.862933333333333,4.6512,8.772974025974026,5.0932,3.9762666666666666,3.0883200000000004,Rate-Monotonic
10,0,2,11,16,5.707438596491228,4.521999999999999,9.494736842105263,4.994008771929824,2.9392999999999994,2.568347368421052,Rate-Monotonic
8,2,2,10,12,4.313386666666667,2.241013333333333,4.774208791208791,2.989515897435897,2.6026,1.941024,Rate-Monotonic
10,0,4,12,22,5.393579831932773,3.9779999999999998,8.045288388082506,5.836647058823529,2.5856999999999997,2.4271109243697477,Rate-Monotonic
1,1,4,4,7,6.5585543345543345,5.164901960784313,12.326556776556776,8.218900854700854,3.782864052287581,2.9513494505494506,Rate-Monotonic
5,3,3,7,16,5.654885154061625,4.131944444444444,7.910749299719888,3.649539215686275,3.5244805555555554,2.544698319327731,Rate-Monotonic
6,3,1,10,16,4.882424242424244,4.089333333333333,6.7461363636363645,4.272121212121212,2.6580666666666666,2.197090909090909,Rate-Monotonic
10,3,3,13,18,5.140592592592593,4.213111111111111,8.282261904761905,6.931018518518518,4.970477777777777,2.313266666666667,Rate-Monotonic
8,5,3,12,16,4.68221052631579,4.957999999999999,10.059967105263159,4.843907894736843,3.2226999999999997,2.106994736842105,Rate-Monotonic
10,1,2,14,21,4.475097744360902,3.481307692307692,8.431353383458646,3.9157105263157894,2.26285,2.0137939849624056,Rate-Monotonic
7,4,4,8,10,2.770666666666667,2.4313333333333333,5.034166666666667,2.0626666666666664,1.5803666666666665,1.2468,Rate-Monotonic
6,1,4,9,14,4.717478787878788,3.5343179487179484,8.937675324675325,5.443466666666667,2.7833866666666665,2.1228654545454546,Rate-Monotonic
6,4,3,8,11,0.7486060606060607,0.8213333333333334,1.4581818181818182,0.6550303030303031,0.7401333333333331,0.33687272727272727,Rate-Monotonic
3,2,1,4,9,5.9951718869365935,4.530666666666666,8.070713991890463,5.177010695187165,3.0125333333333333,2.6978273491214657,Rate-Monotonic
3,0,2,6,10,7.769446319977267,5.9440519036519035,14.34866581415175,9.31687070190395,5.867202020202019,3.496250843989769,Rate-Monotonic
3,3,4,4,8,5.086205513784461,5.123185185185185,10.000533318590593,6.088929824561403,4.250037037037037,2.2887924812030076,Rate-Monotonic
7,2,1,14,19,5.337915376676987,4.6655,8.16328947368421,4.905025455796353,3.0325749999999996,2.4020619195046438,Rate-Monotonic
4,0,4,10,15,2.3881303258145365,1.9771111111111106,5.941328320802005,2.5792280701754384,1.285122222222222,1.0746586466165413,Rate-Monotonic
1,1,4,7,18,8.55851851851852,5.283400155400155,11.047303921568627,6.889448801742919,4.521233333333334,3.851333333333333,Rate-Monotonic
11,0,4,18,26,5.1993846153846155,4.935,10.345673076923077,6.432012820512821,3.20775,2.339723076923077,Rate-Monotonic
11,4,2,18,26,6.365216117216117,4.835999999999999,10.90770685197156,6.323027149321266,3.2981,2.864347252747253,Rate-Monotonic
6,2,4,10,20,9.013099269913914,6.194428571428571,15.311216492317751,8.004216247139587,4.574885714285713,4.055894671461262,Rate-Monotonic
7,1,2,9,11,8.990024182713839,6.61610606060606,14.769840461262875,9.43496081504702,4.300468939393939,4.045510882221227,Rate-Monotonic
2,1,1,8,14,3.3078303030303027,2.5387384615384616,8.020795454545455,5.56160606060606,2.061499999999999,1.4885236363636363,Rate-Monotonic
3,0,3,5,10,2.2760000000000002,1.9809999999999999,2.41875,1.9915,1.28765,1.0242,Rate-Monotonic
2,1,3,7,12,2.377648484848485,1.8011059829059828,3.43494696969697,5.161474747474747,1.178388888888889,1.069941818181818,Rate-Monotonic
1,1,3,3,7,2.1985505882352943,1.6583466666666666,5.098537254901961,2.979827450980392,2.037128888888889,0.9893477647058824,Rate-Monotonic
11,5,2,14,19,4.903971929824561,2.9827179487179487,7.034184210526316,5.890168421052631,1.9387666666666665,2.206787368421052,LSTF
5,3,1,8,17,2.580705882352941,2.0289629629629626,3.375294117647059,2.2581176470588233,1.3188259259259256,1.1613176470588233,Rate-Monotonic
9,0,3,13,23,10.541128205128206,8.232222222222221,19.25759476031215,9.795482905982906,5.426777777777777,4.743507692307691,Rate-Monotonic
2,3,1,4,8,7.721796321325734,6.069142857142857,11.952622083798556,7.818266556972438,4.20964761904762,3.4748083445965796,Rate-Monotonic
7,4,2,9,11,2.158545454545455,2.464,4.876363636363636,2.1033939393939396,1.6016000000000001,0.9713454545454546,Rate-Monotonic
2,5,3,7,12,3.2695652173913046,2.558,3.861021739130435,4.880826086956522,2.7100124999999995,1.471304347826087,Rate-Monotonic
7,0,4,10,14,7.176175824175824,5.637818181818182,12.964285714285714,10.24846153846154,3.664581818181819,3.229279120879121,Rate-Monotonic
5,2,2,11,20,7.772971304077186,6.383422222222222,13.251575163398693,6.801349891067536,4.827015555555556,3.497837086834734,Rate-Monotonic
2,0,4,6,15,0.544,0.5559999999999999,1.538875,0.476,0.36139999999999994,0.2448,Rate-Monotonic
4,5,4,8,19,3.449744360902256,2.7968888888888888,5.652631578947369,3.0185263157894737,2.024244444444444,1.552384962406015,Rate-Monotonic
4,4,3,5,9,2.6619516908212564,2.5439999999999996,6.282732646834478,2.329207729468599,1.6535999999999997,1.1978782608695653,Rate-Monotonic
6,3,1,10,18,9.422476190476191,5.58326559714795,12.357594155844156,9.894525252525252,4.029233749257278,4.240114285714285,Rate-Monotonic
3,3,3,4,6,8.61948055323494,5.5942282051282035,13.46900724032303,8.476024691358026,4.333236111111111,3.8787662489557224,Rate-Monotonic
7,2,3,12,18,7.231274376417235,5.872,9.218622448979593,5.984444444444445,4.2796,3.2540734693877553,Rate-Monotonic
8,3,3,15,23,1.8740869565217393,1.3719999999999999,3.7570332480818416,1.4206216538789427,0.8917999999999999,0.8433391304347825,Rate-Monotonic
1,1,3,2,5,0.0984,0.0736909090909091,0.39,0.8959999999999999,0.05816318181818182,0.04427999999999999,Rate-Monotonic
11,1,2,16,25,7.449910931174088,7.0840000000000005,13.721280971659919,8.893412145748986,5.8058,3.3524599190283397,Rate-Monotonic
3,5,1,4,7,5.2906666666666675,3.8447999999999993,9.061833333333334,4.100133333333334,2.74664,2.3808,Rate-Monotonic
9,3,2,12,18,8.359181351981354,6.110585547785547,14.242482517482516,8.682594405594406,4.607336363636363,3.761631608391608,Rate-Monotonic
1,4,4,5,15,3.669333333333333,2.7486666666666664,3.417619047619048,3.2106666666666666,1.7866333333333333,1.6512,Rate-Monotonic
7,0,1,8,11,9.526354788069074,6.121714285714284,12.147609533323818,11.02065934065934,5.002771428571428,4.286859654631082,Rate-Monotonic
4,3,4,6,10,2.9258039215686273,2.417333333333333,3.3424064171122994,1.9007058823529412,1.5712666666666666,1.3166117647058824,Rate-Monotonic
10,3,4,16,20,10.315777777777779,8.429869658119658,18.023958333333333,10.809944444444445,5.479415277777778,4.642099999999999,Rate-Monotonic
1,0,3,6,13,9.136237535014006,7.001250793650793,14.120714285714284,7.633345098039216,6.444533333333333,4.111306890756302,Rate-Monotonic
10,0,1,13,22,7.535037762237764,6.144,8.580243356643356,7.043820979020978,4.181666666666667,3.390766993006993,Rate-Monotonic
8,0,3,12,17,10.070165666266506,7.219999999999999,14.429829231692677,10.21437675070028,5.334116666666667,4.531574549819927,Rate-Monotonic
8,0,1,9,12,4.083604395604397,3.8149999999999995,6.128489010989011,3.573153846153846,2.4797499999999997,1.8376219780219778,Rate-Monotonic
7,2,3,8,12,7.500512820512821,5.565418803418802,13.226923076923077,8.383666666666667,4.98071111111111,3.3752307692307695,Rate-Monotonic
5,2,3,8,11,5.768121212121214,3.7616126984126983,9.222178571428572,7.613469696969696,3.4218063492063493,2.5956545454545457,Rate-Monotonic
9,3,1,16,22,4.047652173913043,3.504307692307692,8.1973814229249,3.8499999999999996,2.2777999999999996,1.8214434782608695,Rate-Monotonic
4,4,2,5,7,10.640081632653063,8.519238095238094,14.161171507064363,12.035653846153846,6.259809523809523,4.788036734693877,Rate-Monotonic
3,2,1,6,10,9.11701765003367,6.819999999999999,15.811060200175831,9.571636057814548,4.959933333333333,4.10265794251515,Rate-Monotonic
4,2,1,10,15,2.2249411764705886,0.9668499999999999,2.869279411764706,1.9468235294117648,1.1142625000000002,1.0012235294117646,Rate-Monotonic
7,1,3,11,16,7.427632515632516,5.361999999999999,13.258915043290044,6.273169191919191,4.301266666666666,3.3424346320346316,Rate-Monotonic
3,0,1,4,9,4.731076923076923,3.6108676470588232,7.4275699300699305,4.580418181818182,2.347063970588235,2.1289846153846153,Rate-Monotonic
5,1,1,8,10,1.9106227106227107,1.8666666666666665,3.051758241758242,1.6717948717948719,1.6076666666666666,0.8597802197802197,Rate-Monotonic
11,5,1,17,24,7.743959595959596,6.037111111111112,6.685777389277391,8.648853535353535,5.1748666666666665,3.4847818181818173,Rate-Monotonic
1,5,2,4,9,3.6809789321789324,2.916355555555555,4.784779220779221,3.220856565656566,2.974284444444444,1.6564405194805194,Rate-Monotonic
3,5,4,6,16,7.773749287749287,6.071999999999999,14.633808760683761,9.379027777777777,4.2895666666666665,3.4981871794871786,Rate-Monotonic
3,2,1,5,10,2.438901960784314,1.7453333333333332,2.690352941176471,2.134039215686274,1.1344666666666665,1.0975058823529409,Rate-Monotonic
8,0,1,15,20,2.939058823529412,2.061,4.126544117647058,2.3921470588235296,1.3396499999999998,1.3225764705882352,Rate-Monotonic
5,2,1,7,13,2.6193675213675216,1.9973333333333332,4.841201923076922,2.291946581196581,1.6304166666666666,1.1787153846153844,Rate-Monotonic
7,5,3,9,14,5.693942857142858,3.5181230769230765,9.340887445887445,5.637088888888889,4.129833333333333,2.5622742857142855,Rate-Monotonic
1,1,3,3,11,1.6816175824175825,1.2742999999999998,2.8937967032967036,1.547195804195804,2.25849,0.7567279120879121,Rate-Monotonic
6,1,2,13,18,4.268952380952381,2.979666666666666,5.5875,2.903666666666667,2.278033333333333,1.9210285714285713,Rate-Monotonic
8,3,1,15,24,3.5128888888888894,2.6102222222222218,7.851666666666667,3.073777777777778,1.6966444444444446,1.5807999999999998,Rate-Monotonic
10,5,1,17,21,3.7079365079365076,2.554222222222222,6.656904761904762,4.523555555555556,1.6602444444444444,1.6685714285714284,Rate-Monotonic
7,4,1,8,12,3.5156078431372553,3.462666666666666,6.311221719457014,3.076156862745098,2.2507333333333333,1.5820235294117646,Rate-Monotonic
6,5,3,8,13,1.3727179487179486,1.633333333333333,2.2976923076923073,1.201128205128205,1.0616666666666665,0.6177230769230768,Rate-Monotonic
11,3,4,18,27,6.260195555555557,4.426799999999999,12.297324675324674,5.8072711111111115,3.0956714285714284,2.8170880000000005,Rate-Monotonic
4,4,4,7,10,4.386047138047139,3.427595959595959,8.032929292929293,4.24463973063973,3.88000101010101,1.9737212121212118,Rate-Monotonic
10,4,1,12,16,1.3529454545454547,1.2586,3.3980113636363636,1.9342803030303028,2.1195416666666667,0.6088254545454544,Rate-Monotonic
7,5,2,14,23,4.967598662207358,3.534555555555555,9.18324414715719,3.8189455964325525,2.2974611111111107,2.2354193979933106,Rate-Monotonic
7,0,4,10,19,6.382889101541734,4.0805333333333325,9.601340852130326,5.922093567251461,4.569066666666666,2.87230009569378,Rate-Monotonic
11,0,4,14,17,8.483424836601309,5.574692307692307,12.12627450980392,6.0335882352941175,3.8081,3.8175411764705878,Rate-Monotonic
7,1,2,9,14,7.295510204081633,5.000809523809523,10.014142368909287,5.768000000000001,4.048169047619047,3.2829795918367344,Rate-Monotonic
2,0,3,6,11,2.2721939393939397,2.1930363636363635,5.076121212121213,3.0921863636363636,2.476119191919192,1.0224872727272725,Rate-Monotonic
4,4,1,6,11,2.8898181818181823,2.440666666666666,5.7782954545454555,2.8295909090909093,1.5864333333333334,1.300418181818182,Rate-Monotonic
11,4,3,13,16,9.23847066942719,7.467111111111111,16.391736542443063,11.206855072463767,4.97611111111111,4.157311801242236,Rate-Monotonic
2,0,4,4,12,5.137897335932425,4.259333333333333,6.509006911217438,6.7366744639376215,3.598833333333333,2.3120538011695904,Rate-Monotonic
11,4,4,17,22,9.343200000000001,7.7343658119658105,15.094903846153844,8.1753,5.103777777777777,4.20444,Rate-Monotonic
5,0,1,10,20,10.973704413233827,6.896590043290042,14.739325401489266,9.312475242404654,7.457858008658009,4.93816698595522,Rate-Monotonic
11,4,1,12,16,3.3826666666666667,0.9318666666666666,4.71327380952381,2.9598333333333327,1.71535,1.5221999999999998,EDF
8,4,3,14,25,4.794414545454545,3.3319999999999994,8.761405347593584,4.934210909090909,2.1658,2.157486545454545,Rate-Monotonic
11,2,4,18,29,6.881513300492611,5.557092307692306,10.864200328407225,6.021324137931034,4.27303,3.0966809852216746,Rate-Monotonic
4,3,3,7,9,6.695568253968254,5.139589743589743,14.124043217286916,11.134698412698413,3.482866666666666,3.0130057142857143,Rate-Monotonic
2,3,1,9,17,0.36517647058823527,0.338074074074074,0.8558823529411764,0.31952941176470584,1.1931111111111112,0.16432941176470586,Rate-Monotonic
3,2,3,8,17,5.990425339366516,4.109,10.476562971342382,6.509239819004525,3.892524999999999,2.6956914027149317,Rate-Monotonic
5,2,2,8,12,2.4688914285714287,0.9372799999999998,2.6592571428571423,2.16028,1.222,1.1110011428571427,EDF
1,0,3,3,10,6.184593429115169,4.526740740740741,11.037320095363574,5.934729937051675,3.377688888888889,2.783067043101825,Rate-Monotonic
3,5,1,6,9,6.027086539879109,4.8932987012987015,8.869270234409553,7.02610939112487,5.853459163059163,2.712188942945599,Rate-Monotonic
6,1,4,9,14,4.9762637362637365,3.3495,5.7107234432234435,3.85876923076923,2.8187249999999997,2.2393186813186814,Rate-Monotonic
8,0,1,10,20,6.973359440559442,5.081066666666667,7.889848951048952,6.836111888111889,4.37164,3.1380117482517482,Rate-Monotonic
7,3,2,9,11,5.333459815546773,4.645666666666665,8.395227272727272,4.666777338603426,3.019683333333333,2.4000569169960473,Rate-Monotonic
9,1,4,12,16,8.519294903926484,7.207925925925925,14.608870614035089,9.243337719298246,4.990001851851852,3.833682706766917,Rate-Monotonic
9,3,1,10,14,7.12090576090576,7.0666666666666655,11.76882867132867,7.31579487179487,5.063716666666667,3.2044075924075917,Rate-Monotonic
5,4,4,6,11,3.1830718614718614,2.4209128205128203,6.177700216450216,4.47000606060606,1.8457266666666665,1.4323823376623377,Rate-Monotonic
9,1,3,11,14,5.106285714285715,4.2972222222222225,7.890428571428571,4.468,3.8121416666666663,2.297828571428571,Rate-Monotonic
5,5,3,8,13,3.85317378917379,3.1682222222222216,8.638974358974359,4.12808547008547,2.513333333333333,1.7339282051282048,Rate-Monotonic
2,5,2,9,17,3.1780392156862747,2.3927272727272726,4.549411764705883,2.78078431372549,2.117818181818182,1.4301176470588235,Rate-Monotonic
4,0,2,10,15,0.957309090909091,0.6913666666666667,3.1347727272727273,0.8376454545454545,0.8035299999999999,0.4307890909090909,Rate-Monotonic
3,1,4,4,8,3.895356862745098,2.126899999999999,5.338933823529413,3.6317399999999997,1.9252999999999996,1.7529105882352942,Rate-Monotonic
3,4,4,6,11,5.814432523997742,3.83890909090909,10.28701712107768,6.983808300395256,4.5533090909090905,2.616494635798983,Rate-Monotonic
9,5,4,13,18,8.085279461279463,7.813277777777777,13.497626262626262,9.423744107744106,5.078630555555555,3.638375757575757,Rate-Monotonic
6,5,3,8,13,6.3188683265205015,4.706333333333333,9.063167834580877,4.799055369751021,3.0591166666666663,2.843490746934225,Rate-Monotonic
2,2,4,4,10,1.245699346405229,0.9239999999999999,2.9532720588235293,1.089986928104575,0.6779499999999999,0.560564705882353,Rate-Monotonic
2,1,2,4,9,6.2227156462585045,5.215523809523809,11.621687074829932,5.802507936507936,3.5481952380952384,2.8002220408163265,Rate-Monotonic
3,2,3,9,14,2.7106909090909093,2.334133333333333,5.280233766233766,2.3718545454545454,1.5171866666666667,1.219810909090909,Rate-Monotonic
7,1,2,8,12,6.733078260869566,3.996266666666666,9.903608695652174,4.996539130434782,2.7581377777777774,3.0298852173913042,LSTF
4,0,2,7,18,12.30933418272549,7.803857142857141,16.376195862960568,11.684726998491703,5.832078571428572,5.539200382226469,Rate-Monotonic
9,3,2,13,21,4.586397759103641,3.6026666666666665,6.360392156862745,4.013098039215687,3.3912666666666667,2.0638789915966385,Rate-Monotonic
5,1,4,7,9,6.606383838383838,4.529549339549339,12.19590909090909,7.604538202538201,3.9067636363636367,2.9728727272727267,Rate-Monotonic
6,2,4,8,14,2.6231798319327733,2.219636363636363,5.627785714285714,2.3898823529411763,2.225363636363636,1.1804309243697477,Rate-Monotonic
9,1,3,11,21,3.909866666666667,2.5701666666666663,6.197738095238095,3.4211333333333336,2.5813666666666664,1.7594400000000001,Rate-Monotonic
5,1,3,10,16,12.116039072039074,9.75047619047619,15.979019830743969,9.493188034188034,6.855498412698412,5.452217582417583,Rate-Monotonic
7,3,4,11,22,7.649554076175925,5.205999999999999,10.750109134562917,5.874102368220015,4.301049999999999,3.442299334279166,Rate-Monotonic
1,3,2,4,6,3.327211594202899,2.912,5.515856187290971,4.223576811594202,1.8928,1.497245217391304,Rate-Monotonic
11,3,2,16,25,3.3661052631578947,2.580846153846154,6.046468984962406,2.838352631578947,1.67755,1.5147473684210526,Rate-Monotonic
11,4,4,16,24,3.7025497076023393,2.2503703703703697,7.988654970760234,2.5848148148148145,1.7937111111111108,1.6661473684210524,Rate-Monotonic
7,3,2,10,14,6.295999999999999,4.702181818181818,11.798181818181819,5.5089999999999995,3.2923681818181816,2.8331999999999997,Rate-Monotonic
2,0,4,5,9,2.1704,1.6377666666666664,3.4037500000000005,2.983944444444444,1.0731561904761904,0.97668,Rate-Monotonic
8,0,2,11,13,2.9028571428571426,2.7906666666666666,5.191978021978022,2.5399999999999996,1.8604444444444443,1.3062857142857143,Rate-Monotonic
4,0,1,5,7,2.2924993939393943,1.7182666666666664,3.5827272727272734,2.0059369696969696,1.1202060606060604,1.0316247272727272,Rate-Monotonic
3,5,1,8,15,2.48,1.8079999999999998,5.4225,3.707666666666667,1.1752,1.1159999999999999,Rate-Monotonic
3,1,1,10,21,6.319272727272727,5.065666666666667,5.249256493506493,5.429363636363636,3.4943999999999997,2.843672727272727,Rate-Monotonic
3,1,1,4,9,3.0236307692307696,2.461155555555555,5.345027472527473,2.6456769230769233,2.5573166666666665,1.360633846153846,Rate-Monotonic
7,5,1,10,15,4.892549019607843,4.281666666666666,10.331470588235295,4.280980392156862,3.5626499999999997,2.2016470588235295,Rate-Monotonic
9,0,1,10,13,8.627729961914836,5.519757575757574,10.54663878138668,7.912881902411314,4.957464646464646,3.882478482861676,Rate-Monotonic
7,4,1,9,12,1.1810909090909092,1.3999999999999997,1.7681818181818183,1.0334545454545452,0.9099999999999998,0.531490909090909,Rate-Monotonic
7,3,1,10,17,4.5021176470588244,2.9848989898989897,5.990483193277312,2.8469999999999995,2.0859681818181817,2.0259529411764703,Rate-Monotonic
9,2,4,12,16,3.4134825174825183,2.6641999999999997,5.094592657342657,3.3512671328671324,1.75721,1.536067132867133,Rate-Monotonic
7,4,1,10,12,5.275830303030303,4.367066666666666,7.297610389610389,5.897769696969696,2.8385933333333333,2.374123636363636,Rate-Monotonic
1,5,3,3,14,2.8893913043478263,2.7509999999999994,3.9657298136645966,6.6499999999999995,1.78815,1.3002260869565216,Rate-Monotonic
3,0,2,4,8,2.726814814814815,2.0242727272727272,5.886414141414141,2.9185993265993266,1.3157772727272725,1.2270666666666665,Rate-Monotonic
6,5,2,8,18,6.959892255892257,3.7179898989898987,10.66825937950938,7.053548821548822,4.668805555555555,3.1319515151515147,Rate-Monotonic
3,4,1,6,10,0.0,0.0,0.20000000000000004,0.0,0.0,0.0,Clock-Driven
2,3,3,6,15,5.269362637362637,4.185535353535353,8.913173076923076,4.555423076923076,4.837313131313131,2.3712131868131867,Rate-Monotonic
2,1,1,5,7,6.767988957902001,5.166215384615384,10.882256728778467,6.879035748792271,4.00484,3.0455950310559006,Rate-Monotonic
10,5,1,17,23,13.454445056741234,9.605062937062936,20.55871075203537,11.90463724528713,6.588624242424243,6.054500275533554,Rate-Monotonic
5,5,1,7,18,6.7909048812507455,4.9896,10.00830550401979,7.150954051796156,4.574638095238095,3.0559071965628357,Rate-Monotonic
1,5,1,7,14,5.876268398268398,3.6329999999999996,6.76193722943723,5.364037878787879,3.6991499999999995,2.6443207792207786,Rate-Monotonic
6,2,1,7,10,0.921904761904762,1.1666666666666667,1.8900000000000003,0.8066666666666666,0.7583333333333333,0.4148571428571428,Rate-Monotonic
6,0,2,8,17,6.671117845117846,5.910074074074074,11.561929218657161,6.406101851851852,4.373392592592592,3.00200303030303,Rate-Monotonic
9,2,3,13,18,2.0444,1.2779666666666665,3.915,1.7888499999999998,0.9863362626262624,0.9199799999999999,Rate-Monotonic
9,3,2,15,19,5.748699749373434,4.808533333333333,9.58808646616541,5.845501754385965,3.6891399999999996,2.5869148872180445,Rate-Monotonic
7,2,2,11,21,2.457162393162393,1.7380740740740739,3.5392307692307696,2.150017094017094,1.129748148148148,1.1057230769230768,Rate-Monotonic
3,1,4,8,13,1.4704761904761907,1.0493333333333332,3.702967032967033,1.2866666666666666,0.6820666666666666,0.6617142857142857,Rate-Monotonic
7,1,1,12,17,9.062816099071208,6.887773737373737,14.208415634674925,7.919875851393188,4.477052929292929,4.078267244582043,Rate-Monotonic
9,3,2,15,23,4.748260869565218,2.565158974358974,7.361141304347825,6.951130434782608,4.171212499999999,2.136717391304348,Rate-Monotonic
1,4,3,3,10,2.212894117647059,1.4224,4.032,1.4065882352941175,1.9492199999999997,0.9958023529411764,Rate-Monotonic
9,4,1,12,21,3.889731601731602,2.927814814814814,6.8254761904761905,3.403515151515151,1.9030796296296293,1.7503792207792206,Rate-Monotonic
4,2,2,11,15,8.997834193326455,7.1064273504273485,13.734413976116764,7.439046439628483,6.040822222222222,4.049025386996904,Rate-Monotonic
5,2,2,9,19,6.053177387914231,4.071466666666666,6.150206140350877,4.075374074074074,4.1522,2.7239298245614036,Rate-Monotonic
9,0,2,12,17,6.536680919080919,5.161811965811966,10.894848798260563,6.421318881118881,3.779844444444444,2.9415064135864135,Rate-Monotonic
9,3,1,10,12,8.854696741854637,5.435466666666666,11.822293233082705,7.836210526315789,4.353483333333333,3.9846135338345854,Rate-Monotonic
2,2,1,7,17,4.477175565175565,3.166871794871794,7.961934428316781,4.457728619528619,2.7719222222222215,2.0147290043290043,Rate-Monotonic
5,4,3,7,9,7.918477966477966,4.68895238095238,11.217900195043052,7.90965137085137,3.6245857142857143,3.5633150849150845,Rate-Monotonic
4,1,4,7,9,4.098577777777779,2.792872727272727,6.2073269230769235,3.5859444444444444,3.207244444444444,1.84436,Rate-Monotonic
8,4,4,11,21,2.8341064425770313,2.369333333333333,8.181426024955437,2.189882352941176,1.5400666666666665,1.2753478991596638,Rate-Monotonic
6,0,1,8,11,10.167460188933875,7.6188518518518515,17.077496319470004,9.122681511470985,5.401271296296296,4.575357085020243,Rate-Monotonic
11,5,2,14,23,1.8729275362318842,1.569037037037037,2.3023913043478257,1.6388115942028982,1.8712296296296296,0.8428173913043477,Rate-Monotonic
1,5,1,3,9,2.617777777777778,2.1769999999999996,2.331666666666667,2.2905555555555557,1.41505,1.178,Rate-Monotonic
10,1,3,17,22,12.93384989613561,8.20967032967033,19.638271668807388,10.64069203019203,6.407214285714285,5.820232453261023,Rate-Monotonic
4,4,1,6,10,8.153463659147869,6.608,8.742111528822056,7.8926900584795305,4.431699999999999,3.6690586466165414,Rate-Monotonic
10,5,1,17,26,1.5323076923076924,1.0733333333333333,3.1001923076923075,1.3407692307692307,0.6976666666666667,0.6895384615384615,Rate-Monotonic
2,0,1,8,15,3.229052813852814,2.459175,3.470762987012987,2.8254212121212117,1.603363125,1.453073766233766,Rate-Monotonic
5,1,2,10,17,2.129878542510122,1.5970769230769228,5.2233912836389615,1.9340858299595143,1.0380999999999998,0.9584453441295547,Rate-Monotonic
11,3,2,18,26,9.595572333548803,7.291383838383838,17.787651822601948,9.414946304675716,5.376606313131313,4.3180075500969615,Rate-Monotonic
6,5,3,7,11,6.674121212121212,4.294153846153845,8.667000000000002,4.097068181818181,6.190833333333334,3.0033545454545454,Rate-Monotonic
7,4,2,9,18,2.402585858585859,2.2026666666666666,5.056161616161616,2.4198787878787873,2.0475,1.0811636363636363,Rate-Monotonic
5,1,1,10,16,3.7133333333333334,2.7543703703703706,4.524634615384615,3.249166666666666,1.790340740740741,1.671,Rate-Monotonic
10,3,3,11,14,1.799736263736264,1.8884999999999998,5.611456043956044,1.8659999999999994,1.356225,0.8098813186813187,Rate-Monotonic
6,5,1,9,13,8.913607490548669,6.524,12.353854263383674,6.739305635540929,4.645044444444444,4.0111233707469,Rate-Monotonic
8,2,4,10,18,3.963809523809524,3.212999999999999,9.128690476190478,3.7458888888888886,2.0884499999999995,1.7837142857142854,Rate-Monotonic
6,0,3,13,23,8.577443609022556,6.79038961038961,16.727299771167047,9.14197894736842,5.431096103896103,3.8598496240601503,Rate-Monotonic
2,1,2,4,7,2.6282095238095238,2.091933333333333,5.250446428571429,2.1736416666666667,2.978697316017316,1.1826942857142857,Rate-Monotonic
2,2,3,4,9,3.6885606837606844,2.694957575757575,6.025115384615385,4.16551452991453,1.7772024242424245,1.6598523076923073,Rate-Monotonic
5,3,2,7,9,8.007249816849818,5.441523809523809,10.610109105180536,7.303651184371184,4.493790476190475,3.603262417582417,Rate-Monotonic
7,5,3,10,12,7.650957983193278,5.297010101010101,11.928088235294117,9.009039215686276,5.577656565656566,3.4429310924369747,Rate-Monotonic
8,5,2,11,13,0.8984615384615383,0.9488888888888888,2.129230769230769,0.7861538461538461,0.6167777777777778,0.40430769230769226,Rate-Monotonic
11,0,1,13,17,3.220512820512821,3.5839999999999996,4.514705882352941,2.817948717948718,2.954466666666667,1.449230769230769,Rate-Monotonic
6,4,3,13,24,7.571203546033798,5.336738461538461,9.480591467356174,6.7506102133160955,3.9561034285714283,3.4070415957152087,Rate-Monotonic
9,0,3,16,27,10.021887445887446,7.935833333333334,15.569208711152445,9.950701128936421,6.310958333333334,4.509849350649351,Rate-Monotonic
1,4,1,8,13,6.096006512006513,4.2861714285714285,7.3820012210012225,7.314951566951566,5.386044444444445,2.74320293040293,Rate-Monotonic
11,2,3,13,15,5.259319727891156,4.4879999999999995,8.834965986394558,4.111047619047619,4.6436,2.3666938775510205,Rate-Monotonic
8,2,1,13,23,4.062965440356745,3.1818181818181817,8.16212814645309,3.5550947603121514,2.0681818181818183,1.828334448160535,Rate-Monotonic
1,4,1,3,12,1.5715555555555556,1.3486666666666665,3.2788596491228073,1.3751111111111112,0.8766333333333333,0.7071999999999999,Rate-Monotonic
8,1,3,12,17,6.963614245698279,5.363272727272728,13.2950150060024,6.5937955182072825,4.187181818181818,3.1336264105642253,Rate-Monotonic
4,3,3,5,9,6.656226262626262,6.046666666666667,7.739227272727272,5.940553535353535,4.072293333333333,2.995301818181818,Rate-Monotonic
7,3,1,10,20,3.5699393939393946,2.7689772727272723,6.481022727272728,2.5100303030303026,1.8316852272727273,1.6064727272727273,Rate-Monotonic
2,2,4,7,18,3.3115821067821067,2.506933333333333,7.475050505050505,6.307713131313132,2.7226766666666666,1.4902119480519478,Rate-Monotonic
6,1,1,8,18,2.7812689210950086,2.1364848484848484,5.480628019323672,3.4691143317230275,2.0295757575757576,1.2515710144927537,Rate-Monotonic
5,1,2,7,9,3.0327272727272727,1.8417777777777775,4.020540404040404,3.5265387205387206,1.4378,1.3647272727272728,Rate-Monotonic
9,5,3,13,22,1.8152727272727274,1.5330000000000001,4.1346753246753245,1.5719999999999998,0.9964500000000002,0.8168727272727273,Rate-Monotonic
11,0,2,14,19,4.395636363636364,3.145333333333333,3.8180382775119615,3.8461818181818175,2.044466666666666,1.9780363636363634,Rate-Monotonic
6,5,3,11,22,4.401909732620321,3.3226327272727274,8.214491978609626,3.8913102317290553,2.1597112727272725,1.9808593796791443,Rate-Monotonic
11,4,1,16,24,3.5959365079365084,3.022444444444444,7.52952380952381,3.0555555555555554,1.9645888888888887,1.6181714285714286,Rate-Monotonic
3,2,1,6,17,9.143198370257194,5.996354010695187,13.615941558441559,6.897861140819964,4.340540106951871,4.114439266615737,Rate-Monotonic
2,1,3,8,12,2.6692000000000005,1.1015909090909088,4.172000000000001,3.4038666666666666,2.2297974242424243,1.20114,Rate-Monotonic
5,2,1,10,18,6.046051282051283,3.6652,5.322384615384616,4.146943589743589,2.7900599999999995,2.720723076923077,Rate-Monotonic
3,0,2,4,8,1.312,1.3999999999999997,1.05,1.148,0.9099999999999998,0.5903999999999999,Rate-Monotonic
6,1,1,11,18,4.105244444444445,3.1935999999999996,9.458,5.213195555555556,2.07584,1.8473599999999997,Rate-Monotonic
11,2,4,13,24,8.713382871097156,7.27595238095238,14.249966399515271,7.8610989010989005,8.636364285714285,3.92102229199372,Rate-Monotonic
1,1,4,4,9,3.9387351611351615,3.3135666666666665,5.372859547859548,4.858141414141414,3.168822222222222,1.7724308225108227,Rate-Monotonic
9,3,3,10,15,5.433158940131078,3.983269841269841,5.944944312653291,4.4709777652687865,3.0990968253968245,2.4449215230589845,Rate-Monotonic
7,5,2,9,12,6.2313333333333345,3.8074814814814815,9.569042832167831,4.093972027972028,3.5323166666666665,2.8041,Rate-Monotonic
9,5,3,12,17,4.588415485168427,4.536666666666666,7.8702639517345405,5.736748114630468,4.141366666666666,2.0647869683257913,Rate-Monotonic
1,4,3,7,17,5.553317647058823,3.1583999999999994,6.9719999999999995,5.983764705882352,3.8044066666666665,2.4989929411764704,Rate-Monotonic
7,2,2,14,24,7.884823487289653,5.1066666666666665,12.32296410669531,8.881192694972725,4.779863636363635,3.5481705692803436,Rate-Monotonic
5,4,4,6,10,5.133545996860283,4.30944126984127,6.10673469387755,3.8310725274725277,5.595488888888888,2.310095698587127,Rate-Monotonic
9,1,1,10,12,6.726844919786096,5.291162393162392,8.168569518716577,5.101714795008913,3.6637222222222223,3.027080213903743,Rate-Monotonic
3,0,3,9,14,7.046107532024668,5.600041025641025,11.624362440628426,8.408228843052372,3.842426666666666,3.1707483894111,Rate-Monotonic
10,5,1,14,19,3.443215311004785,2.393222222222222,5.5003050239234454,4.199497607655502,1.5555944444444445,1.549446889952153,Rate-Monotonic
9,4,3,14,23,7.4271208866155165,5.30240808080808,11.562235294117647,5.835916112531969,3.590657777777777,3.342204398976982,Rate-Monotonic
11,5,1,13,21,6.202428571428571,2.890204545454545,6.5027678571428575,2.9587916666666665,4.856366666666666,2.791092857142857,Rate-Monotonic
4,2,4,7,9,3.834827067669173,2.7607999999999997,5.333380952380953,5.9096982456140355,3.0982466666666664,1.725672180451128,Rate-Monotonic
4,3,4,5,8,1.8130823529411768,1.9327999999999999,4.723008403361345,2.456047058823529,2.209133333333333,0.8158870588235294,Rate-Monotonic
9,1,3,16,21,5.362666666666667,4.318999999999999,9.936785714285715,5.5649999999999995,3.1804499999999996,2.4132,Rate-Monotonic
8,4,1,14,25,6.091712820512821,4.2763636363636355,8.394634615384614,4.223351282051281,3.295027272727272,2.741270769230769,Rate-Monotonic
2,1,3,3,5,4.680533333333334,3.3629076923076924,9.004000000000001,5.038320000000001,2.69423,2.10624,Rate-Monotonic
9,4,4,11,20,4.357743589743589,4.262666666666666,7.066025641025642,3.813025641025641,2.7707333333333337,1.960984615384615,Rate-Monotonic
2,1,3,5,12,0.4195555555555556,0.4666666666666666,0.5778333333333334,0.3671111111111111,0.3033333333333333,0.1888,Rate-Monotonic
5,2,2,6,8,6.48336507936508,5.095999999999999,9.70482142857143,4.589444444444444,4.815922222222222,2.917514285714286,Rate-Monotonic
10,4,4,11,16,3.7295238095238092,4.063,5.783125,3.2633333333333328,3.4879,1.678285714285714,Rate-Monotonic
3,0,4,10,19,3.874974506974507,2.952444444444444,8.381220000759475,4.447841750841751,4.188022222222222,1.7437385281385278,Rate-Monotonic
2,4,4,9,15,6.1178057498057505,4.6962222222222225,7.176680819180819,7.282806526806527,3.0525444444444445,2.7530125874125875,Rate-Monotonic
1,1,2,4,7,4.257015873015873,3.452849673202614,8.284761904761906,4.107555555555556,2.2443522875816995,1.9156571428571427,Rate-Monotonic
11,5,3,14,24,2.9378488529014843,2.369111111111111,5.352532894736842,2.8499234143049925,2.1046277777777775,1.322031983805668,Rate-Monotonic
8,4,2,15,26,3.1087092609351434,2.3567381818181814,6.674554449472097,3.6126096933132232,2.9095418181818182,1.3989191674208143,Rate-Monotonic
3,2,2,5,10,4.736410256410257,4.165333333333333,9.047735042735043,4.664871794871794,3.054133333333333,2.1313846153846154,Rate-Monotonic
6,2,3,9,12,2.3548235294117643,2.0093333333333327,6.488235294117647,3.7860392156862743,1.3060666666666665,1.0596705882352941,Rate-Monotonic
8,0,1,11,19,1.6109473684210525,2.8217777777777777,4.429865841073272,3.0854901960784313,1.8341555555555555,0.7249263157894736,Rate-Monotonic
7,1,3,12,21,10.258424242424242,7.774336898395721,18.223375420875424,10.511666666666665,5.123085650623885,4.616290909090909,Rate-Monotonic
2,2,4,3,8,1.42540350877193,1.4715555555555555,2.157631578947368,3.0306315789473683,0.956511111111111,0.6414315789473684,Rate-Monotonic
