burst_time,arrival_time,priority,num_processes,time_quantum,fcfs_wt,sjf_wt,rr_wt,priority_wt,best_algorithm
17,10,4,6,3,29.5,27.666666666666668,56.5,30.166666666666668,SJF
12,11,2,4,3,14.25,12.25,33.0,13.25,SJF
13,0,3,6,5,31.666666666666668,27.833333333333332,57.666666666666664,28.166666666666668,SJF
13,6,2,7,5,32.714285714285715,30.428571428571427,61.0,39.857142857142854,SJF
8,1,4,3,6,6.666666666666667,6.666666666666667,13.666666666666666,7.333333333333333,FCFS
19,1,2,7,3,49.714285714285715,43.42857142857143,92.57142857142857,44.285714285714285,SJF
13,11,4,4,3,18.25,16.25,43.25,18.25,SJF
12,7,3,6,3,28.0,21.666666666666668,49.166666666666664,24.5,SJF
6,0,4,6,4,21.333333333333332,17.833333333333332,37.666666666666664,23.166666666666668,SJF
5,4,2,5,3,18.4,14.6,31.8,15.0,SJF
18,4,3,6,4,27.666666666666668,24.0,37.666666666666664,28.833333333333332,SJF
16,11,4,6,3,20.333333333333332,18.0,42.0,18.0,SJF
7,6,2,3,5,11.666666666666666,11.666666666666666,18.666666666666668,13.333333333333334,FCFS
16,7,3,4,6,10.25,9.25,20.5,10.25,SJF
18,6,2,6,3,23.5,13.666666666666666,34.333333333333336,15.5,SJF
7,1,1,3,5,3.6666666666666665,3.6666666666666665,9.0,3.6666666666666665,FCFS
12,10,1,5,6,25.6,22.4,44.2,23.4,SJF
10,2,4,5,3,22.0,16.6,40.0,17.4,SJF
12,0,3,4,5,10.25,10.25,24.5,12.75,FCFS
14,8,4,6,6,24.333333333333332,18.833333333333332,35.666666666666664,20.166666666666668,SJF
12,3,3,3,4,7.0,7.0,13.0,7.0,FCFS
18,8,3,5,3,25.8,23.8,52.6,28.8,SJF
5,4,4,6,4,12.666666666666666,11.333333333333334,26.5,13.666666666666666,SJF
7,5,4,7,4,32.285714285714285,20.285714285714285,46.0,32.142857142857146,SJF
18,4,2,7,5,26.285714285714285,17.714285714285715,38.57142857142857,22.285714285714285,SJF
13,9,3,4,4,21.0,19.75,35.75,20.25,SJF
14,1,2,5,3,19.0,16.4,37.0,17.4,SJF
16,9,3,7,4,25.142857142857142,21.571428571428573,47.285714285714285,24.142857142857142,SJF
10,9,2,7,6,28.857142857142858,23.571428571428573,48.57142857142857,28.142857142857142,SJF
8,2,3,7,4,36.285714285714285,33.42857142857143,62.714285714285715,36.42857142857143,SJF
16,4,1,3,4,14.333333333333334,13.666666666666666,33.333333333333336,13.666666666666666,SJF
12,4,1,3,3,13.666666666666666,13.0,28.666666666666668,13.666666666666666,SJF
16,9,4,5,6,26.6,22.4,49.0,26.2,SJF
14,4,3,4,3,13.25,12.25,29.5,12.25,SJF
6,3,3,6,6,21.166666666666668,17.666666666666668,30.0,22.833333333333332,SJF
8,7,4,5,3,11.4,7.8,20.4,13.4,SJF
15,11,1,4,5,15.75,13.0,30.0,17.75,SJF
14,7,1,3,3,12.0,12.0,30.333333333333332,12.0,FCFS
14,4,2,6,5,28.0,25.833333333333332,54.333333333333336,29.833333333333332,SJF
6,0,3,6,6,14.0,11.333333333333334,24.666666666666668,12.333333333333334,SJF
10,10,3,3,6,5.0,5.0,8.0,5.0,FCFS
11,11,2,3,5,14.333333333333334,13.333333333333334,26.0,14.333333333333334,SJF
13,3,3,6,5,29.333333333333332,26.333333333333332,52.166666666666664,32.166666666666664,SJF
15,10,2,7,3,32.57142857142857,30.285714285714285,63.857142857142854,39.857142857142854,SJF
10,2,4,7,5,34.57142857142857,27.0,56.57142857142857,36.714285714285715,SJF
14,2,3,4,6,21.75,21.75,42.0,22.75,FCFS
19,8,3,7,4,33.42857142857143,28.857142857142858,59.42857142857143,31.0,SJF
15,11,1,7,6,31.285714285714285,29.285714285714285,53.57142857142857,38.142857142857146,SJF
12,5,4,4,4,13.5,12.5,23.5,13.5,SJF
6,11,4,6,4,26.5,20.0,40.166666666666664,23.0,SJF
7,4,3,4,6,16.0,14.25,31.0,14.75,SJF
10,0,2,3,3,10.0,6.666666666666667,21.666666666666668,6.666666666666667,SJF
15,0,1,5,3,17.2,10.8,24.2,13.6,SJF
9,6,1,5,3,17.2,12.4,27.8,14.4,SJF
18,0,1,6,3,33.166666666666664,31.0,59.666666666666664,33.833333333333336,SJF
9,10,1,6,4,23.0,19.166666666666668,34.166666666666664,21.5,SJF
6,10,3,4,5,16.5,14.5,28.0,18.0,SJF
7,0,1,4,6,12.0,9.0,18.25,12.0,SJF
6,5,1,7,5,29.428571428571427,25.142857142857142,52.857142857142854,29.285714285714285,SJF
15,1,1,5,3,23.0,21.2,43.0,24.2,SJF
13,11,2,7,6,43.0,37.42857142857143,80.85714285714286,41.142857142857146,SJF
12,0,3,3,4,10.333333333333334,10.333333333333334,24.333333333333332,11.0,FCFS
16,6,2,4,5,14.0,11.25,25.0,14.0,SJF
19,11,1,5,3,13.6,12.2,30.8,16.8,SJF
11,5,2,3,6,3.6666666666666665,3.6666666666666665,8.666666666666666,3.6666666666666665,FCFS
7,8,1,4,6,9.75,8.5,19.0,10.25,SJF
14,8,1,5,4,20.0,15.6,36.6,21.6,SJF
10,5,3,7,6,28.857142857142858,21.142857142857142,49.42857142857143,21.142857142857142,SJF
8,5,2,5,6,15.0,14.2,26.4,14.2,SJF
10,9,2,7,3,29.857142857142858,25.142857142857142,50.142857142857146,31.142857142857142,SJF
12,9,1,4,3,5.75,5.5,18.5,5.75,SJF
5,8,3,3,5,10.0,5.333333333333333,10.666666666666666,10.0,SJF
9,11,4,3,6,5.333333333333333,5.333333333333333,8.666666666666666,5.333333333333333,FCFS
7,0,4,5,3,19.0,15.8,39.0,19.0,SJF
7,10,2,7,3,25.714285714285715,20.0,44.714285714285715,27.428571428571427,SJF
19,6,2,3,5,12.0,12.0,27.333333333333332,12.333333333333334,FCFS
11,2,4,5,3,25.8,24.0,47.2,26.0,SJF
9,10,3,7,5,29.857142857142858,21.285714285714285,40.714285714285715,32.42857142857143,SJF
12,4,1,7,4,44.285714285714285,33.285714285714285,61.285714285714285,36.42857142857143,SJF
18,10,4,4,5,20.5,17.0,31.5,17.0,SJF
16,3,4,6,4,26.333333333333332,23.333333333333332,46.166666666666664,28.0,SJF
10,10,3,3,5,8.333333333333334,8.333333333333334,13.333333333333334,8.333333333333334,FCFS
5,5,3,3,3,4.0,4.0,9.666666666666666,4.666666666666667,FCFS
8,8,1,4,4,17.5,17.5,31.0,17.5,FCFS
15,1,3,4,5,11.5,10.25,17.5,11.5,SJF
10,4,4,6,3,14.5,13.0,28.833333333333332,18.5,SJF
10,5,4,6,3,30.833333333333332,27.833333333333332,61.5,38.333333333333336,SJF
6,0,2,5,6,13.8,9.2,16.2,17.6,SJF
11,6,3,7,6,37.285714285714285,31.428571428571427,59.42857142857143,35.0,SJF
19,7,2,5,6,19.8,13.8,35.8,16.2,SJF
8,3,1,5,3,17.6,13.8,30.4,14.2,SJF
17,2,4,5,5,18.4,15.8,32.2,16.4,SJF
8,4,1,6,4,25.333333333333332,18.5,37.0,22.5,SJF
6,2,1,3,3,6.0,2.0,9.0,2.0,SJF
18,3,2,5,4,21.8,15.6,29.0,15.6,SJF
9,8,2,3,3,7.666666666666667,7.666666666666667,17.333333333333332,7.666666666666667,FCFS
13,5,3,5,6,21.0,14.2,28.2,15.0,SJF
18,1,4,4,3,13.75,13.75,24.25,14.5,FCFS
12,10,4,5,4,15.6,14.2,30.6,19.0,SJF
12,0,2,7,3,32.57142857142857,23.285714285714285,47.714285714285715,27.714285714285715,SJF
13,10,4,3,3,4.666666666666667,4.666666666666667,18.0,4.666666666666667,FCFS
16,2,2,6,5,29.5,26.833333333333332,51.5,33.0,SJF
18,7,3,6,3,28.0,22.5,46.333333333333336,28.833333333333332,SJF
14,9,4,7,5,35.142857142857146,33.714285714285715,69.14285714285714,36.142857142857146,SJF
6,3,3,7,5,22.714285714285715,22.0,50.714285714285715,26.0,SJF
11,7,1,6,4,32.333333333333336,25.0,46.166666666666664,26.0,SJF
11,1,4,5,3,28.2,23.0,46.8,26.6,SJF
19,8,2,6,4,18.5,17.5,40.166666666666664,18.5,SJF
13,0,1,7,5,30.571428571428573,21.285714285714285,42.142857142857146,29.428571428571427,SJF
18,1,1,5,4,26.8,22.0,41.4,25.6,SJF
14,8,1,3,4,10.0,10.0,22.333333333333332,10.0,FCFS
13,2,4,3,4,10.0,10.0,28.333333333333332,10.666666666666666,FCFS
18,0,4,4,6,17.0,17.0,31.25,22.5,FCFS
6,10,1,7,6,33.42857142857143,27.857142857142858,54.42857142857143,28.428571428571427,SJF
19,5,4,6,6,33.5,29.666666666666668,67.33333333333333,32.666666666666664,SJF
18,2,2,7,3,35.57142857142857,28.0,53.285714285714285,34.142857142857146,SJF
15,8,1,7,4,34.714285714285715,32.285714285714285,64.71428571428571,38.0,SJF
8,1,2,4,5,9.75,9.25,25.75,9.25,SJF
16,7,1,4,6,14.0,13.5,31.0,18.5,SJF
19,4,1,6,4,27.166666666666668,23.166666666666668,49.0,29.0,SJF
6,1,2,5,4,18.4,18.0,38.6,18.0,SJF
15,9,3,5,3,19.4,16.2,33.2,19.4,SJF
8,1,3,5,6,21.8,16.2,30.0,21.6,SJF
15,3,2,7,5,28.857142857142858,22.857142857142858,46.142857142857146,25.714285714285715,SJF
15,7,4,6,6,28.833333333333332,23.0,44.333333333333336,25.166666666666668,SJF
14,2,4,6,4,32.666666666666664,26.833333333333332,54.666666666666664,30.166666666666668,SJF
9,1,4,7,6,31.142857142857142,29.142857142857142,49.285714285714285,37.0,SJF
10,2,4,5,4,22.0,21.0,47.2,23.8,SJF
5,1,1,6,4,22.166666666666668,20.666666666666668,32.833333333333336,20.666666666666668,SJF
19,1,2,4,3,15.0,13.5,33.25,15.75,SJF
11,8,2,3,6,12.666666666666666,11.0,13.333333333333334,11.0,SJF
19,6,3,5,4,26.0,24.6,51.8,24.6,SJF
6,5,4,5,5,14.2,14.2,27.0,16.8,FCFS
11,2,4,7,5,24.0,18.714285714285715,41.57142857142857,19.857142857142858,SJF
11,11,1,3,3,13.333333333333334,12.333333333333334,26.0,12.333333333333334,SJF
16,11,2,6,4,17.5,15.0,33.833333333333336,21.166666666666668,SJF
10,6,2,6,6,23.5,18.333333333333332,36.5,18.333333333333332,SJF
16,1,3,4,5,15.75,14.0,26.5,14.25,SJF
8,1,3,3,4,6.333333333333333,6.333333333333333,16.666666666666668,6.333333333333333,FCFS
9,4,3,5,6,16.0,14.4,24.0,17.2,SJF
17,9,4,4,3,15.25,13.75,33.5,14.0,SJF
16,8,3,6,4,24.833333333333332,22.0,50.5,25.333333333333332,SJF
13,4,4,4,3,14.0,11.5,27.25,11.5,SJF
7,11,2,3,4,5.0,3.3333333333333335,9.333333333333334,3.3333333333333335,SJF
13,1,1,4,6,13.25,12.25,29.75,12.25,SJF
8,1,2,7,5,24.714285714285715,22.714285714285715,46.42857142857143,24.0,SJF
18,1,2,4,3,18.5,14.25,32.25,18.5,SJF
5,0,3,6,3,21.166666666666668,15.333333333333334,35.666666666666664,23.833333333333332,SJF
13,4,1,7,6,26.142857142857142,18.285714285714285,36.714285714285715,22.285714285714285,SJF
9,0,4,3,3,6.333333333333333,6.333333333333333,14.333333333333334,8.0,FCFS
5,0,4,3,5,1.3333333333333333,1.3333333333333333,1.6666666666666667,1.3333333333333333,FCFS
6,8,3,4,6,7.0,7.0,11.0,7.75,FCFS
6,4,3,7,5,36.714285714285715,32.142857142857146,58.57142857142857,38.285714285714285,SJF
8,10,3,3,4,15.333333333333334,12.333333333333334,22.666666666666668,12.333333333333334,SJF
8,4,4,7,5,29.857142857142858,29.142857142857142,52.0,37.42857142857143,SJF
14,6,1,6,3,25.333333333333332,22.833333333333332,49.0,27.0,SJF
12,9,3,6,4,29.666666666666668,26.666666666666668,56.666666666666664,29.166666666666668,SJF
14,10,1,3,5,4.0,4.0,10.666666666666666,4.0,FCFS
13,1,3,4,6,20.75,18.25,34.5,18.25,SJF
5,6,1,4,3,6.75,6.75,13.25,8.25,FCFS
17,8,2,7,5,24.0,20.428571428571427,36.57142857142857,25.0,SJF
14,5,2,6,3,22.0,15.166666666666666,36.0,18.166666666666668,SJF
16,1,4,3,6,8.333333333333334,8.333333333333334,15.666666666666666,8.333333333333334,FCFS
7,5,4,4,4,12.0,10.5,23.75,14.75,SJF
7,1,3,3,6,6.666666666666667,6.666666666666667,13.333333333333334,6.666666666666667,FCFS
17,8,3,7,6,29.857142857142858,27.285714285714285,51.142857142857146,31.714285714285715,SJF
5,8,2,6,5,21.666666666666668,16.833333333333332,33.0,17.0,SJF
17,1,1,4,4,19.0,15.0,36.0,19.5,SJF
8,1,3,4,6,11.5,11.25,23.25,11.25,SJF
14,5,2,3,4,12.666666666666666,12.0,29.666666666666668,12.0,SJF
11,3,2,5,4,14.6,12.2,24.8,14.4,SJF
6,8,1,3,6,10.333333333333334,6.0,12.333333333333334,12.0,SJF
8,2,3,7,3,34.714285714285715,25.0,54.142857142857146,32.57142857142857,SJF
19,5,4,6,5,23.166666666666668,16.666666666666668,40.166666666666664,19.666666666666668,SJF
17,7,3,4,4,16.0,15.0,38.0,15.0,SJF
11,11,1,5,6,17.8,15.4,32.2,16.0,SJF
19,4,4,4,3,24.5,22.5,51.5,23.25,SJF
18,6,2,7,3,28.428571428571427,23.571428571428573,52.0,29.571428571428573,SJF
9,1,1,7,6,32.0,24.714285714285715,52.0,27.571428571428573,SJF
13,3,1,5,6,21.4,16.2,36.8,17.0,SJF
5,9,2,7,5,22.571428571428573,17.714285714285715,37.142857142857146,18.857142857142858,SJF
16,0,3,7,4,34.57142857142857,25.571428571428573,51.714285714285715,30.285714285714285,SJF
15,3,3,6,5,34.666666666666664,28.333333333333332,58.5,30.666666666666668,SJF
5,7,4,6,4,11.166666666666666,10.5,24.833333333333332,13.5,SJF
14,4,4,4,5,14.0,12.25,21.0,12.25,SJF
19,0,4,4,3,14.5,14.5,31.5,15.75,FCFS
10,3,2,4,6,10.0,9.25,20.5,10.0,SJF
16,8,3,3,6,8.666666666666666,8.0,14.333333333333334,8.666666666666666,SJF
15,5,2,6,6,38.0,30.0,60.666666666666664,30.0,SJF
17,5,3,6,4,22.333333333333332,18.0,40.333333333333336,19.333333333333332,SJF
16,4,3,3,5,6.333333333333333,6.333333333333333,8.666666666666666,6.333333333333333,FCFS
14,4,4,3,6,12.0,12.0,26.666666666666668,13.333333333333334,FCFS
13,3,4,7,5,33.857142857142854,27.142857142857142,50.0,27.285714285714285,SJF
14,3,3,7,6,39.0,31.571428571428573,63.0,31.857142857142858,SJF
13,3,1,6,4,30.5,26.833333333333332,51.833333333333336,33.166666666666664,SJF
7,11,4,4,4,10.0,10.0,19.25,11.25,FCFS
19,3,4,7,4,26.714285714285715,22.142857142857142,44.857142857142854,22.571428571428573,SJF
5,0,2,7,5,20.714285714285715,18.0,36.42857142857143,22.142857142857142,SJF
15,0,2,7,3,35.57142857142857,28.428571428571427,60.857142857142854,39.57142857142857,SJF
14,4,4,7,6,30.0,24.857142857142858,44.857142857142854,27.428571428571427,SJF
19,3,4,3,4,15.666666666666666,13.333333333333334,32.0,13.333333333333334,SJF
11,2,3,6,4,30.833333333333332,27.166666666666668,57.666666666666664,28.0,SJF
13,4,4,5,6,19.6,14.8,27.2,14.8,SJF
14,9,4,7,6,28.0,26.428571428571427,50.714285714285715,28.0,SJF
17,8,1,3,5,6.666666666666667,6.666666666666667,18.333333333333332,6.666666666666667,FCFS
5,7,1,3,5,8.0,8.0,11.333333333333334,8.0,FCFS
5,1,2,3,3,5.333333333333333,5.333333333333333,6.0,5.333333333333333,FCFS
10,8,2,4,6,13.5,12.0,26.0,12.0,SJF
15,9,3,6,5,20.666666666666668,18.333333333333332,39.666666666666664,21.333333333333332,SJF
16,10,1,6,6,34.166666666666664,31.0,62.333333333333336,35.666666666666664,SJF
10,6,4,5,6,13.4,11.6,23.2,13.6,SJF
16,8,4,6,5,30.0,22.833333333333332,47.166666666666664,25.5,SJF
17,2,3,5,6,19.6,11.4,19.2,17.0,SJF
9,3,2,5,3,18.2,13.6,29.2,13.6,SJF
6,3,4,7,3,26.142857142857142,23.571428571428573,51.57142857142857,29.142857142857142,SJF
17,8,4,6,4,24.5,20.166666666666668,45.666666666666664,21.166666666666668,SJF
16,11,2,5,5,14.4,12.2,27.6,16.2,SJF
14,10,1,4,3,15.75,12.25,29.5,13.5,SJF
17,1,2,6,4,31.166666666666668,23.5,42.833333333333336,28.166666666666668,SJF
19,5,3,3,4,16.666666666666668,14.666666666666666,33.333333333333336,14.666666666666666,SJF
18,3,4,6,5,30.166666666666668,22.166666666666668,31.833333333333332,22.5,SJF
12,5,2,4,3,17.25,17.25,36.0,18.25,FCFS
12,7,2,3,4,11.666666666666666,11.0,22.333333333333332,11.666666666666666,SJF
7,9,3,5,6,30.2,23.6,50.4,27.6,SJF
19,3,2,5,3,29.0,18.8,31.8,23.2,SJF
9,2,1,5,6,21.6,21.2,41.0,22.0,SJF
18,0,4,7,3,44.285714285714285,39.0,80.57142857142857,43.142857142857146,SJF
7,0,2,6,4,24.5,22.5,46.0,24.666666666666668,SJF
7,5,4,7,3,39.42857142857143,29.571428571428573,58.42857142857143,37.285714285714285,SJF
12,6,2,3,6,3.6666666666666665,3.6666666666666665,7.666666666666667,3.6666666666666665,FCFS
15,7,3,4,3,15.0,15.0,35.75,17.0,FCFS
12,0,1,6,3,33.333333333333336,28.333333333333332,60.666666666666664,31.0,SJF
15,5,2,4,5,10.5,7.5,18.5,8.0,SJF
11,6,1,5,6,25.8,20.4,39.6,20.4,SJF
9,11,1,7,4,43.285714285714285,32.714285714285715,66.14285714285714,40.57142857142857,SJF
8,0,3,4,6,9.0,8.75,18.75,9.0,SJF
7,8,3,4,4,4.75,4.5,13.25,7.0,SJF
10,8,1,5,4,14.0,13.6,32.8,14.2,SJF
5,8,2,4,3,11.5,11.5,20.75,15.0,FCFS
19,8,3,3,5,14.333333333333334,12.0,29.0,12.0,SJF
8,2,1,4,6,8.5,8.25,18.75,8.5,SJF
7,11,4,5,3,20.2,14.6,36.2,19.8,SJF
12,11,1,4,3,15.0,13.25,36.75,13.25,SJF
16,1,4,4,4,15.75,13.5,34.0,17.25,SJF
12,1,4,7,6,23.571428571428573,19.0,37.285714285714285,19.857142857142858,SJF
15,5,3,4,4,20.0,17.75,34.5,17.75,SJF
14,4,2,7,3,41.857142857142854,30.428571428571427,58.0,33.0,SJF
13,0,1,7,6,28.714285714285715,22.571428571428573,40.857142857142854,27.571428571428573,SJF
11,3,3,5,3,25.0,20.8,34.4,23.0,SJF
16,1,4,5,3,26.0,23.2,49.6,26.8,SJF
10,2,3,6,3,27.666666666666668,23.0,51.5,27.0,SJF
13,9,4,6,3,17.5,15.833333333333334,39.0,16.833333333333332,SJF
15,8,3,5,3,20.4,16.4,35.0,16.4,SJF
19,8,4,5,3,13.8,12.8,28.4,15.8,SJF
19,6,4,7,4,37.714285714285715,29.714285714285715,57.42857142857143,29.714285714285715,SJF
18,2,3,3,4,10.666666666666666,10.333333333333334,14.333333333333334,10.666666666666666,SJF
5,3,1,5,5,14.6,11.4,20.2,11.4,SJF
19,7,3,4,5,20.5,20.5,42.25,20.5,FCFS
18,11,1,5,4,24.2,18.0,41.8,26.6,SJF
10,11,2,6,3,18.5,17.333333333333332,39.833333333333336,17.333333333333332,SJF
11,0,1,7,6,26.285714285714285,22.428571428571427,47.57142857142857,24.714285714285715,SJF
6,1,4,6,5,29.166666666666668,20.166666666666668,45.333333333333336,27.666666666666668,SJF
6,7,2,4,3,15.75,12.5,29.5,16.5,SJF
6,5,2,4,3,10.25,10.0,16.0,10.5,SJF
16,10,1,7,3,23.0,17.714285714285715,48.42857142857143,21.571428571428573,SJF
14,6,2,3,5,11.333333333333334,11.333333333333334,25.0,11.333333333333334,FCFS
19,6,1,4,6,12.0,12.0,26.25,12.0,FCFS
18,8,1,3,3,8.0,8.0,21.333333333333332,8.666666666666666,FCFS
10,6,4,7,4,31.142857142857142,25.0,52.42857142857143,30.428571428571427,SJF
10,7,2,5,6,14.8,12.8,27.4,14.6,SJF
16,4,4,6,3,24.166666666666668,22.0,46.333333333333336,24.333333333333332,SJF
19,4,2,6,6,29.0,22.333333333333332,39.0,24.166666666666668,SJF
12,10,1,6,5,28.0,25.0,49.0,28.333333333333332,SJF
14,10,3,7,6,31.0,26.285714285714285,49.42857142857143,30.142857142857142,SJF
11,3,3,7,4,30.0,25.714285714285715,51.714285714285715,34.142857142857146,SJF
16,11,3,4,6,15.5,15.5,32.5,15.5,FCFS
6,10,3,6,5,30.0,23.0,42.333333333333336,30.0,SJF
17,4,4,5,6,26.0,25.6,53.0,27.8,SJF
13,8,2,6,4,19.166666666666668,14.166666666666666,29.333333333333332,17.833333333333332,SJF
14,4,2,7,3,37.142857142857146,30.714285714285715,60.0,32.57142857142857,SJF
15,1,3,3,6,7.666666666666667,7.666666666666667,18.333333333333332,7.666666666666667,FCFS
16,7,4,5,4,19.6,17.0,39.0,17.4,SJF
14,5,4,4,6,19.25,18.5,40.0,19.25,SJF
6,6,4,4,5,19.5,16.25,32.75,19.5,SJF
15,3,4,3,3,8.666666666666666,8.666666666666666,14.666666666666666,8.666666666666666,FCFS
8,4,4,4,4,14.5,13.75,27.75,14.5,SJF
10,4,3,5,5,21.0,19.4,39.6,19.6,SJF
13,6,1,3,3,6.666666666666667,6.666666666666667,17.0,8.666666666666666,FCFS
14,0,2,5,4,20.8,12.4,29.6,16.0,SJF
8,3,3,7,5,28.428571428571427,27.428571428571427,52.285714285714285,34.714285714285715,SJF
9,2,4,5,3,22.4,21.0,45.2,26.6,SJF
11,9,4,6,5,30.5,25.166666666666668,45.833333333333336,30.333333333333332,SJF
5,2,3,7,6,33.0,23.857142857142858,45.57142857142857,28.857142857142858,SJF
9,4,2,7,6,34.285714285714285,34.0,64.42857142857143,35.0,SJF
10,3,4,5,4,26.0,21.2,46.2,28.8,SJF
13,10,3,7,4,32.42857142857143,29.142857142857142,60.714285714285715,30.714285714285715,SJF
15,1,3,4,6,17.25,16.5,39.0,18.0,SJF
19,8,3,6,5,21.0,15.0,27.0,17.166666666666668,SJF
10,0,3,5,4,20.2,12.4,32.4,14.8,SJF
8,4,3,6,5,15.166666666666666,14.166666666666666,23.166666666666668,15.166666666666666,SJF
8,2,4,5,3,25.0,24.2,45.4,30.4,SJF
5,7,3,3,3,7.0,3.6666666666666665,12.0,3.6666666666666665,SJF
7,11,4,5,5,16.0,13.0,26.4,16.2,SJF
9,7,3,3,5,3.6666666666666665,3.6666666666666665,11.0,3.6666666666666665,FCFS
7,1,4,5,4,10.6,9.2,22.0,12.6,SJF
9,8,4,3,4,11.666666666666666,11.666666666666666,23.0,12.666666666666666,FCFS
13,2,2,4,5,13.5,11.25,19.75,11.25,SJF
10,7,4,5,4,26.4,25.4,53.8,31.4,SJF
9,11,2,4,6,14.25,11.25,23.25,11.25,SJF
7,9,2,5,5,19.0,14.2,33.2,17.6,SJF
17,5,4,5,4,15.8,12.2,26.8,13.6,SJF
10,10,2,5,5,13.8,13.0,25.6,13.8,SJF
13,9,1,4,4,11.5,11.5,24.5,13.5,FCFS
17,11,1,3,5,0.6666666666666666,0.6666666666666666,2.0,0.6666666666666666,FCFS
14,3,1,3,4,10.0,10.0,21.333333333333332,10.0,FCFS
15,5,2,4,5,16.75,11.75,23.75,21.75,SJF
15,9,3,3,4,13.666666666666666,12.666666666666666,27.0,12.666666666666666,SJF
8,7,3,4,4,21.5,15.25,26.0,15.25,SJF
15,1,4,7,5,40.0,35.857142857142854,69.71428571428571,40.857142857142854,SJF
10,0,3,4,3,14.5,13.5,30.5,16.5,SJF
13,6,1,5,4,14.8,12.6,30.4,16.8,SJF
15,11,2,5,5,16.4,10.8,28.2,13.4,SJF
13,3,2,4,5,19.75,18.75,40.0,19.0,SJF
13,0,2,4,4,14.25,13.5,32.75,16.25,SJF
17,3,3,5,3,20.6,15.0,35.4,19.8,SJF
19,9,4,7,3,26.571428571428573,23.571428571428573,51.142857142857146,24.142857142857142,SJF
10,2,1,3,4,8.666666666666666,6.666666666666667,14.333333333333334,8.666666666666666,SJF
16,6,4,3,5,11.666666666666666,11.666666666666666,16.666666666666668,12.666666666666666,FCFS
11,3,3,7,4,24.142857142857142,19.571428571428573,44.285714285714285,21.714285714285715,SJF
14,11,3,4,5,12.25,12.25,25.25,12.25,FCFS
10,11,4,5,4,15.4,13.8,31.6,16.4,SJF
17,1,2,3,6,7.666666666666667,4.333333333333333,10.0,4.333333333333333,SJF
17,6,4,7,3,33.42857142857143,26.142857142857142,56.714285714285715,28.285714285714285,SJF
17,2,3,5,3,27.8,25.6,56.2,27.8,SJF
13,5,4,7,4,35.714285714285715,24.571428571428573,49.285714285714285,27.714285714285715,SJF
6,7,2,5,4,14.0,13.4,33.6,13.4,SJF
17,5,3,4,6,19.5,14.75,27.0,14.75,SJF
11,3,3,5,6,25.0,24.4,49.6,25.8,SJF
6,7,3,6,6,25.333333333333332,21.166666666666668,43.166666666666664,24.833333333333332,SJF
17,10,3,6,3,29.333333333333332,29.333333333333332,63.5,29.666666666666668,FCFS
10,9,4,7,6,32.57142857142857,31.857142857142858,62.142857142857146,36.714285714285715,SJF
14,1,2,3,6,12.666666666666666,11.666666666666666,25.333333333333332,11.666666666666666,SJF
18,5,1,3,3,8.666666666666666,8.333333333333334,23.333333333333332,8.333333333333334,SJF
9,9,2,6,6,30.666666666666668,29.666666666666668,49.166666666666664,29.666666666666668,SJF
14,4,4,6,6,32.333333333333336,27.0,56.833333333333336,30.666666666666668,SJF
10,8,4,4,4,19.0,18.5,36.25,18.5,SJF
5,5,1,5,3,17.6,16.0,35.8,18.6,SJF
7,0,3,5,4,11.2,11.0,22.6,11.2,SJF
5,3,4,4,4,7.25,7.25,17.25,9.75,FCFS
13,3,1,5,5,23.6,19.0,34.6,20.2,SJF
11,11,1,4,3,8.75,6.75,22.0,6.75,SJF
8,5,1,4,6,13.75,13.75,27.25,13.75,FCFS
9,11,1,5,5,15.4,11.4,28.8,16.2,SJF
5,7,4,6,6,29.166666666666668,18.333333333333332,38.666666666666664,27.5,SJF
18,5,3,6,6,30.833333333333332,26.0,42.333333333333336,26.666666666666668,SJF
10,3,4,5,6,22.4,22.0,39.8,26.8,SJF
15,7,4,7,4,33.714285714285715,30.857142857142858,61.142857142857146,34.0,SJF
16,6,1,6,4,29.666666666666668,22.0,46.666666666666664,25.666666666666668,SJF
8,1,2,5,6,12.6,12.2,25.8,12.2,SJF
12,6,4,6,4,26.333333333333332,24.666666666666668,52.333333333333336,26.666666666666668,SJF
19,1,4,6,6,31.666666666666668,25.666666666666668,39.5,27.333333333333332,SJF
16,11,2,5,4,16.6,16.2,32.4,16.2,SJF
13,1,3,7,4,42.285714285714285,38.857142857142854,85.28571428571429,41.714285714285715,SJF
13,11,4,7,3,30.857142857142858,26.428571428571427,53.285714285714285,31.428571428571427,SJF
17,8,4,5,6,30.6,27.0,55.2,27.0,SJF
18,2,4,7,5,31.571428571428573,29.428571428571427,50.142857142857146,35.285714285714285,SJF
19,4,2,7,3,29.714285714285715,22.714285714285715,49.42857142857143,36.857142857142854,SJF
10,3,1,3,5,3.3333333333333335,3.3333333333333335,7.333333333333333,3.3333333333333335,FCFS
11,7,4,7,6,30.857142857142858,20.571428571428573,36.42857142857143,22.857142857142858,SJF
17,1,1,4,5,20.25,18.0,33.25,18.75,SJF
8,9,4,3,6,7.333333333333333,7.333333333333333,14.0,7.333333333333333,FCFS
10,0,4,3,3,2.0,2.0,17.666666666666668,2.0,FCFS
13,7,4,3,4,12.333333333333334,12.333333333333334,27.333333333333332,13.666666666666666,FCFS
15,6,3,5,4,26.4,24.6,46.2,26.4,SJF
17,2,2,7,4,29.571428571428573,26.571428571428573,50.57142857142857,34.714285714285715,SJF
12,5,4,5,4,15.0,10.8,24.0,12.0,SJF
8,9,4,7,6,19.857142857142858,19.428571428571427,37.42857142857143,27.142857142857142,SJF
19,11,4,3,3,7.666666666666667,4.666666666666667,24.333333333333332,4.666666666666667,SJF
19,7,3,6,5,26.0,21.666666666666668,46.166666666666664,23.5,SJF
7,9,3,7,3,37.0,27.142857142857142,57.57142857142857,27.428571428571427,SJF
6,2,2,3,3,3.3333333333333335,3.3333333333333335,7.0,3.3333333333333335,FCFS
5,3,2,7,5,32.142857142857146,27.714285714285715,55.142857142857146,29.428571428571427,SJF
15,1,1,6,5,28.166666666666668,21.5,41.833333333333336,24.666666666666668,SJF
9,9,1,7,6,28.714285714285715,27.571428571428573,49.57142857142857,27.571428571428573,SJF
11,9,1,6,5,29.833333333333332,26.666666666666668,58.833333333333336,28.5,SJF
13,11,1,6,5,20.5,17.166666666666668,33.833333333333336,18.333333333333332,SJF
12,0,1,7,3,35.142857142857146,29.285714285714285,59.0,30.428571428571427,SJF
16,5,1,5,5,24.0,20.0,37.4,23.0,SJF
6,3,1,4,6,11.75,9.5,18.25,11.0,SJF
5,2,3,5,5,18.8,15.2,28.2,18.8,SJF
17,5,2,6,3,41.833333333333336,37.333333333333336,82.5,38.166666666666664,SJF
19,2,2,4,5,21.75,19.0,41.75,21.75,SJF
7,6,2,6,3,15.333333333333334,10.833333333333334,27.166666666666668,10.833333333333334,SJF
18,5,4,7,6,36.714285714285715,31.714285714285715,65.57142857142857,35.0,SJF
19,2,2,5,5,25.4,19.4,37.6,20.4,SJF
8,5,4,3,3,7.333333333333333,6.0,14.666666666666666,6.0,SJF
16,6,2,6,3,24.0,18.0,41.5,19.5,SJF
6,7,4,6,6,30.0,28.333333333333332,50.666666666666664,35.333333333333336,SJF
14,2,3,4,3,12.25,10.0,26.0,11.5,SJF
6,5,3,4,4,11.75,11.75,17.75,11.75,FCFS
16,10,3,3,4,12.666666666666666,11.666666666666666,29.0,11.666666666666666,SJF
14,10,3,4,6,25.0,23.5,49.75,23.5,SJF
18,10,1,7,4,35.142857142857146,30.571428571428573,57.714285714285715,38.42857142857143,SJF
11,3,4,4,3,16.0,14.75,32.75,18.0,SJF
9,4,3,4,4,18.5,13.0,27.75,15.5,SJF
9,5,4,4,6,17.75,15.75,23.75,16.0,SJF
19,3,1,6,5,29.833333333333332,23.5,47.833333333333336,29.833333333333332,SJF
9,5,2,5,5,20.8,14.4,31.2,18.8,SJF
13,4,1,5,3,21.0,12.6,33.2,17.6,SJF
19,10,4,7,4,36.57142857142857,26.142857142857142,57.57142857142857,26.142857142857142,SJF
14,7,4,4,5,18.25,18.25,39.0,18.75,FCFS
7,9,3,6,4,15.0,12.166666666666666,31.5,12.666666666666666,SJF
17,7,1,3,3,9.666666666666666,7.333333333333333,19.333333333333332,9.666666666666666,SJF
8,1,3,3,4,5.333333333333333,2.3333333333333335,9.333333333333334,2.3333333333333335,SJF
12,8,4,6,4,22.0,18.666666666666668,41.833333333333336,19.166666666666668,SJF
6,8,2,5,6,23.2,17.4,27.0,18.4,SJF
14,11,2,4,3,22.25,19.75,43.75,20.25,SJF
17,3,4,3,5,10.333333333333334,10.333333333333334,16.666666666666668,10.333333333333334,FCFS
8,4,4,7,6,31.857142857142858,25.285714285714285,49.285714285714285,32.285714285714285,SJF
9,10,4,4,6,9.25,8.75,20.75,11.25,SJF
18,5,2,5,4,25.8,20.4,43.6,22.2,SJF
17,4,4,4,5,16.25,15.25,35.0,15.25,SJF
17,5,2,5,3,11.8,11.4,26.8,14.0,SJF
10,7,1,6,4,21.5,18.0,36.0,19.0,SJF
10,10,1,5,6,23.0,22.0,37.2,24.0,SJF
12,9,2,6,5,25.666666666666668,19.0,45.333333333333336,27.333333333333332,SJF
14,10,3,4,4,8.75,8.75,18.5,9.0,FCFS
5,2,4,6,6,21.333333333333332,16.833333333333332,32.333333333333336,21.5,SJF
7,4,1,5,5,20.8,15.8,33.8,17.2,SJF
11,9,3,3,6,12.666666666666666,12.666666666666666,21.0,12.666666666666666,FCFS
19,8,2,5,6,22.0,20.4,45.2,28.6,SJF
17,7,1,6,3,25.333333333333332,23.0,50.5,26.0,SJF
5,8,2,4,3,17.5,14.75,29.0,17.5,SJF
9,11,2,6,3,26.0,21.166666666666668,45.0,26.333333333333332,SJF
8,1,4,5,5,17.6,16.0,30.0,18.0,SJF
9,0,3,6,4,29.166666666666668,20.833333333333332,46.166666666666664,26.333333333333332,SJF
19,6,1,7,3,35.285714285714285,23.857142857142858,52.714285714285715,30.714285714285715,SJF
5,9,1,4,5,17.25,11.75,20.25,11.75,SJF
5,10,2,7,5,29.714285714285715,25.285714285714285,47.0,30.714285714285715,SJF
15,3,3,4,4,12.75,6.0,16.5,6.0,SJF
13,6,1,4,3,17.75,16.75,35.75,17.75,SJF
14,5,4,3,5,13.0,11.333333333333334,22.0,11.333333333333334,SJF
15,6,2,4,5,19.25,17.75,39.0,18.75,SJF
10,11,3,5,5,17.8,15.8,32.8,15.8,SJF
12,6,4,7,6,36.0,26.857142857142858,53.0,30.714285714285715,SJF
14,10,4,3,6,12.333333333333334,12.333333333333334,15.666666666666666,12.333333333333334,FCFS
5,11,2,3,4,12.333333333333334,8.0,16.666666666666668,8.0,SJF
15,8,2,7,6,35.57142857142857,30.285714285714285,61.285714285714285,33.42857142857143,SJF
6,2,2,3,3,5.666666666666667,5.666666666666667,13.0,5.666666666666667,FCFS
9,8,4,7,5,28.285714285714285,25.142857142857142,52.285714285714285,28.571428571428573,SJF
11,4,2,5,6,17.4,15.6,26.2,20.4,SJF
6,11,3,5,4,23.4,18.8,42.8,20.0,SJF
6,2,4,5,5,18.0,15.6,29.4,15.6,SJF
14,7,1,7,5,28.571428571428573,26.428571428571427,53.714285714285715,29.142857142857142,SJF
16,1,4,7,6,34.285714285714285,27.285714285714285,54.57142857142857,33.42857142857143,SJF
17,0,3,7,3,33.714285714285715,30.571428571428573,64.14285714285714,31.142857142857142,SJF
18,1,4,5,6,18.0,10.6,22.4,10.6,SJF
7,0,4,7,5,29.857142857142858,26.428571428571427,54.714285714285715,35.285714285714285,SJF
6,11,4,3,4,7.0,4.666666666666667,14.333333333333334,7.0,SJF
15,6,3,3,6,10.666666666666666,10.333333333333334,25.333333333333332,10.333333333333334,SJF
17,8,3,6,3,24.833333333333332,19.0,42.666666666666664,20.666666666666668,SJF
19,1,3,6,3,29.0,23.666666666666668,41.666666666666664,28.5,SJF
14,3,4,7,5,34.0,31.142857142857142,61.57142857142857,36.57142857142857,SJF
18,9,3,7,4,38.0,36.0,78.57142857142857,40.57142857142857,SJF
14,2,2,5,6,22.8,21.2,44.6,23.2,SJF
16,6,3,3,4,7.666666666666667,7.666666666666667,18.333333333333332,7.666666666666667,FCFS
5,8,4,5,3,25.2,15.6,36.6,18.2,SJF
11,10,2,7,4,26.857142857142858,24.0,46.714285714285715,26.714285714285715,SJF
7,10,2,6,3,22.833333333333332,22.333333333333332,38.833333333333336,23.0,SJF
5,7,4,7,5,32.714285714285715,27.0,50.142857142857146,34.857142857142854,SJF
9,0,2,4,3,10.25,8.75,21.75,15.75,SJF
8,2,4,5,5,25.4,22.2,38.8,25.0,SJF
19,1,4,5,3,28.0,22.0,44.0,26.2,SJF
6,11,2,3,5,7.0,5.666666666666667,13.666666666666666,7.0,SJF
13,5,2,7,4,32.142857142857146,25.142857142857142,54.714285714285715,31.428571428571427,SJF
5,10,1,4,5,10.25,7.75,14.75,7.75,SJF
9,4,4,3,4,5.666666666666667,5.666666666666667,13.333333333333334,5.666666666666667,FCFS
6,8,3,3,5,7.666666666666667,6.333333333333333,14.0,7.666666666666667,SJF
10,10,2,7,3,22.571428571428573,16.142857142857142,36.714285714285715,17.142857142857142,SJF
16,5,2,6,4,24.166666666666668,16.666666666666668,37.5,20.333333333333332,SJF
19,1,3,3,6,17.0,12.333333333333334,25.0,12.333333333333334,SJF
11,7,2,5,5,12.0,11.4,19.0,11.4,SJF
9,9,2,7,6,24.571428571428573,22.714285714285715,43.0,23.857142857142858,SJF
10,8,3,5,5,25.0,20.6,40.8,21.8,SJF
11,9,1,4,5,17.5,12.5,25.75,16.5,SJF
16,1,3,3,3,7.333333333333333,5.0,13.333333333333334,5.0,SJF
5,10,1,5,5,18.0,17.4,24.6,19.8,SJF
13,10,3,3,4,11.666666666666666,11.666666666666666,23.333333333333332,11.666666666666666,FCFS
8,6,4,7,4,23.571428571428573,20.714285714285715,43.142857142857146,24.857142857142858,SJF
5,6,3,7,5,24.571428571428573,22.285714285714285,39.57142857142857,26.285714285714285,SJF
14,2,3,7,3,30.428571428571427,20.0,47.714285714285715,24.142857142857142,SJF
10,6,2,6,6,27.166666666666668,25.166666666666668,40.5,31.666666666666668,SJF
12,8,4,6,6,26.5,19.333333333333332,40.666666666666664,20.833333333333332,SJF
5,10,2,4,4,18.25,13.25,29.5,14.75,SJF
5,7,1,3,6,5.0,5.0,11.333333333333334,5.0,FCFS
8,0,1,3,5,5.666666666666667,5.666666666666667,12.333333333333334,8.666666666666666,FCFS
9,1,3,7,5,40.857142857142854,38.0,76.28571428571429,43.57142857142857,SJF
12,7,3,6,4,29.333333333333332,27.0,54.166666666666664,33.0,SJF
5,1,4,6,3,24.166666666666668,18.166666666666668,32.333333333333336,21.833333333333332,SJF
7,7,4,4,3,13.5,12.0,26.0,13.5,SJF
